-- MySQL dump 10.13  Distrib 5.5.44, for debian-linux-gnu (x86_64)
--
-- Host: localhost    Database: plexy
-- ------------------------------------------------------
-- Server version	5.5.44-0ubuntu0.14.04.1

/*!40101 SET @OLD_CHARACTER_SET_CLIENT=@@CHARACTER_SET_CLIENT */;
/*!40101 SET @OLD_CHARACTER_SET_RESULTS=@@CHARACTER_SET_RESULTS */;
/*!40101 SET @OLD_COLLATION_CONNECTION=@@COLLATION_CONNECTION */;
/*!40101 SET NAMES utf8 */;
/*!40103 SET @OLD_TIME_ZONE=@@TIME_ZONE */;
/*!40103 SET TIME_ZONE='+00:00' */;
/*!40014 SET @OLD_UNIQUE_CHECKS=@@UNIQUE_CHECKS, UNIQUE_CHECKS=0 */;
/*!40014 SET @OLD_FOREIGN_KEY_CHECKS=@@FOREIGN_KEY_CHECKS, FOREIGN_KEY_CHECKS=0 */;
/*!40101 SET @OLD_SQL_MODE=@@SQL_MODE, SQL_MODE='NO_AUTO_VALUE_ON_ZERO' */;
/*!40111 SET @OLD_SQL_NOTES=@@SQL_NOTES, SQL_NOTES=0 */;

--
-- Table structure for table `assigned_roles`
--

DROP TABLE IF EXISTS `assigned_roles`;
/*!40101 SET @saved_cs_client     = @@character_set_client */;
/*!40101 SET character_set_client = utf8 */;
CREATE TABLE `assigned_roles` (
  `id` int(10) unsigned NOT NULL AUTO_INCREMENT,
  `user_id` int(10) unsigned NOT NULL,
  `role_id` int(10) unsigned NOT NULL,
  PRIMARY KEY (`id`),
  KEY `assigned_roles_user_id_index` (`user_id`),
  KEY `assigned_roles_role_id_index` (`role_id`),
  CONSTRAINT `assigned_roles_role_id_foreign` FOREIGN KEY (`role_id`) REFERENCES `roles` (`id`) ON DELETE CASCADE,
  CONSTRAINT `assigned_roles_user_id_foreign` FOREIGN KEY (`user_id`) REFERENCES `users` (`id`) ON DELETE CASCADE
) ENGINE=InnoDB AUTO_INCREMENT=2 DEFAULT CHARSET=utf8 COLLATE=utf8_unicode_ci;
/*!40101 SET character_set_client = @saved_cs_client */;

--
-- Dumping data for table `assigned_roles`
--

LOCK TABLES `assigned_roles` WRITE;
/*!40000 ALTER TABLE `assigned_roles` DISABLE KEYS */;
INSERT INTO `assigned_roles` VALUES (1,1,1);
/*!40000 ALTER TABLE `assigned_roles` ENABLE KEYS */;
UNLOCK TABLES;

--
-- Table structure for table `comments`
--

DROP TABLE IF EXISTS `comments`;
/*!40101 SET @saved_cs_client     = @@character_set_client */;
/*!40101 SET character_set_client = utf8 */;
CREATE TABLE `comments` (
  `id` int(10) unsigned NOT NULL AUTO_INCREMENT,
  `user_id` int(10) unsigned NOT NULL,
  `post_id` int(10) unsigned DEFAULT NULL,
  `issue_id` int(10) unsigned DEFAULT NULL,
  `body` text COLLATE utf8_unicode_ci NOT NULL,
  `created_at` timestamp NOT NULL DEFAULT '0000-00-00 00:00:00',
  `updated_at` timestamp NOT NULL DEFAULT '0000-00-00 00:00:00',
  PRIMARY KEY (`id`),
  KEY `comments_user_id_index` (`user_id`),
  KEY `comments_post_id_index` (`post_id`),
  KEY `comments_issue_id_index` (`issue_id`),
  CONSTRAINT `comments_issue_id_foreign` FOREIGN KEY (`issue_id`) REFERENCES `issues` (`id`) ON DELETE CASCADE,
  CONSTRAINT `comments_post_id_foreign` FOREIGN KEY (`post_id`) REFERENCES `posts` (`id`) ON DELETE CASCADE,
  CONSTRAINT `comments_user_id_foreign` FOREIGN KEY (`user_id`) REFERENCES `users` (`id`) ON DELETE CASCADE
) ENGINE=InnoDB DEFAULT CHARSET=utf8 COLLATE=utf8_unicode_ci;
/*!40101 SET character_set_client = @saved_cs_client */;

--
-- Dumping data for table `comments`
--

LOCK TABLES `comments` WRITE;
/*!40000 ALTER TABLE `comments` DISABLE KEYS */;
/*!40000 ALTER TABLE `comments` ENABLE KEYS */;
UNLOCK TABLES;

--
-- Table structure for table `issues`
--

DROP TABLE IF EXISTS `issues`;
/*!40101 SET @saved_cs_client     = @@character_set_client */;
/*!40101 SET character_set_client = utf8 */;
CREATE TABLE `issues` (
  `id` int(10) unsigned NOT NULL AUTO_INCREMENT,
  `user_id` int(10) unsigned NOT NULL,
  `tmdb` varchar(255) COLLATE utf8_unicode_ci NOT NULL,
  `status` enum('open','pending','closed') COLLATE utf8_unicode_ci NOT NULL DEFAULT 'open',
  `topic` enum('miscellaneous','movies','music','tv') COLLATE utf8_unicode_ci NOT NULL,
  `type` enum('issue','request') COLLATE utf8_unicode_ci NOT NULL,
  `content` text COLLATE utf8_unicode_ci NOT NULL,
  `poster_url` varchar(255) COLLATE utf8_unicode_ci NOT NULL,
  `backdrop_url` varchar(255) COLLATE utf8_unicode_ci NOT NULL,
  `vote_average` varchar(255) COLLATE utf8_unicode_ci NOT NULL,
  `plex_url` varchar(255) COLLATE utf8_unicode_ci NOT NULL,
  `issue_description` text COLLATE utf8_unicode_ci NOT NULL,
  `tv_episode_number` varchar(255) COLLATE utf8_unicode_ci DEFAULT NULL,
  `tv_season_number` varchar(255) COLLATE utf8_unicode_ci DEFAULT NULL,
  `tv_episode_name` varchar(255) COLLATE utf8_unicode_ci DEFAULT NULL,
  `tv_episode_overview` varchar(255) COLLATE utf8_unicode_ci DEFAULT NULL,
  `tv_episode_still_path` varchar(255) COLLATE utf8_unicode_ci DEFAULT NULL,
  `deleted_at` timestamp NULL DEFAULT NULL,
  `created_at` timestamp NOT NULL DEFAULT '0000-00-00 00:00:00',
  `updated_at` timestamp NOT NULL DEFAULT '0000-00-00 00:00:00',
  PRIMARY KEY (`id`),
  KEY `issues_user_id_index` (`user_id`),
  CONSTRAINT `issues_user_id_foreign` FOREIGN KEY (`user_id`) REFERENCES `users` (`id`) ON DELETE CASCADE
) ENGINE=InnoDB AUTO_INCREMENT=192 DEFAULT CHARSET=utf8 COLLATE=utf8_unicode_ci;
/*!40101 SET character_set_client = @saved_cs_client */;

--
-- Dumping data for table `issues`
--

LOCK TABLES `issues` WRITE;
/*!40000 ALTER TABLE `issues` DISABLE KEYS */;
INSERT INTO `issues` VALUES (12,5,'11857','closed','movies','request','Orange County (2002)','http://image.tmdb.org/t/p/w500/ifSt98anKHiVTIokvFZisgkfvKd.jpg','http://image.tmdb.org/t/p/w500/eWOGySTYiwnZMjvnhEdA0tHFnQU.jpg','6','','',NULL,NULL,NULL,NULL,NULL,NULL,'2015-05-29 14:41:37','2015-05-29 17:21:40'),(16,9,'66634','closed','movies','request','Dingo (1991)','http://image.tmdb.org/t/p/w500/jiTProTQgDuCDbvvO9AGk55uEgY.jpg','https://plexy.ehumps.me/assets/img/no-backdrop.jpg','0','','',NULL,NULL,NULL,NULL,NULL,NULL,'2015-06-01 19:56:53','2015-06-02 11:59:42'),(18,5,'243938','closed','movies','request','Hot Tub Time Machine 2 (2015)','http://image.tmdb.org/t/p/w500/tQtWuwvMf0hCc2QR2tkolwl7c3c.jpg','http://image.tmdb.org/t/p/w500/wuPC7NqTgQZWXVrALvNWZCn8YJY.jpg','5.1','','',NULL,NULL,NULL,NULL,NULL,NULL,'2015-06-02 21:40:21','2015-06-03 19:53:18'),(22,12,'265228','closed','movies','issue','Timbuktu (2014)','http://image.tmdb.org/t/p/w500/wYAHH1uf9UAIrZ9dzuliijVlP98.jpg','http://image.tmdb.org/t/p/w500/yVgXiDVx2X9eyU8QIded6ckp9r4.jpg','6.3','','',NULL,NULL,NULL,NULL,NULL,NULL,'2015-06-04 13:33:03','2015-06-04 15:30:56'),(23,5,'4381','closed','tv','request','Good Eats (1999)','https://image.tmdb.org/t/p/w500/yfXkdToWwygWieGkqRuNORutFVF.jpg','https://image.tmdb.org/t/p/w500/cjixpU92TU63AgpxVvSkofMAy9g.jpg','0','','',NULL,NULL,NULL,NULL,NULL,NULL,'2015-06-04 16:58:01','2015-06-05 13:18:11'),(24,5,'62717','closed','tv','request','Jonathan Strange & Mr Norrell (2015)','https://image.tmdb.org/t/p/w500/6OUttntdOqOAepjZ9rzm5XaNRQz.jpg','https://image.tmdb.org/t/p/w500/xbOnQ5qqT2X0MTR4T4FELijdWI4.jpg','8','','',NULL,NULL,NULL,NULL,NULL,NULL,'2015-06-04 17:40:55','2015-06-05 13:19:37'),(25,13,'1432','closed','tv','request','Veronica Mars (2004)','https://image.tmdb.org/t/p/w500/8ThWFacN4JIsaITvksyVl1xGpUp.jpg','https://image.tmdb.org/t/p/w500/iXFXSqkGFWKSggIYKyjfUKk1VEn.jpg','7.6','','',NULL,NULL,NULL,NULL,NULL,NULL,'2015-06-04 18:59:14','2015-06-05 13:20:11'),(26,13,'2059','closed','movies','request','National Treasure (2004)','http://image.tmdb.org/t/p/w500/luMoc56LLMWUt60vUNNpwxrbTNt.jpg','http://image.tmdb.org/t/p/w500/a8MKD2z2UuptTaA26ueJVJk3GGb.jpg','6.3','','',NULL,NULL,NULL,NULL,NULL,NULL,'2015-06-04 18:59:28','2015-06-05 14:10:22'),(27,13,'6637','closed','movies','request','National Treasure: Book of Secrets (2007)','http://image.tmdb.org/t/p/w500/5fOwo57lLZ3TFPG5jL6Db9Qaq8Q.jpg','http://image.tmdb.org/t/p/w500/oKLa1SGDlT0Zi9lyLcl2N2sFxsc.jpg','5.9','','',NULL,NULL,NULL,NULL,NULL,NULL,'2015-06-04 18:59:38','2015-06-05 23:21:33'),(28,13,'188222','closed','movies','request','Entourage (2015)','http://image.tmdb.org/t/p/w500/iDN131W0jebCuMBowa9s94RdQ1N.jpg','http://image.tmdb.org/t/p/w500/rohVTacbOboHVjLkng0UMeXtLUR.jpg','4.9','','',NULL,NULL,NULL,NULL,NULL,NULL,'2015-06-04 19:01:07','2015-09-05 22:11:36'),(29,13,'37680','closed','tv','request','Suits (2011)','https://image.tmdb.org/t/p/w500/i6Iu6pTzfL6iRWhXuYkNs8cPdJF.jpg','https://image.tmdb.org/t/p/w500/dpSTckg9dzOD8JKR9iVrStK2st1.jpg','8.6','','',NULL,NULL,NULL,NULL,NULL,NULL,'2015-06-04 19:01:27','2015-06-06 14:57:50'),(30,13,'1865','closed','movies','request','Pirates of the Caribbean: On Stranger Tides (2011)','http://image.tmdb.org/t/p/w500/jUkGuSC9Kt29rW3x6UiB9zyZr1M.jpg','http://image.tmdb.org/t/p/w500/ddPXVUAeCBFMbtTajh8bg4uyBvv.jpg','6.3','','',NULL,NULL,NULL,NULL,NULL,NULL,'2015-06-04 19:03:28','2015-06-05 23:21:35'),(31,13,'58','closed','movies','request','Pirates of the Caribbean: Dead Man\'s Chest (2006)','http://image.tmdb.org/t/p/w500/iwvyZBRD7qfDQ8ylRmf5NbLC5Oi.jpg','http://image.tmdb.org/t/p/w500/hdHgIcljPHli4xaJGt0INz8Gn3J.jpg','6.7','','',NULL,NULL,NULL,NULL,NULL,NULL,'2015-06-04 19:03:37','2015-06-05 23:21:18'),(32,13,'285','closed','movies','request','Pirates of the Caribbean: At World\'s End (2007)','http://image.tmdb.org/t/p/w500/bXb00CkHqx7TPchTGG131sWV59y.jpg','http://image.tmdb.org/t/p/w500/8ZgpAftUiYTU76IhUADITa3Ur9n.jpg','6.6','','',NULL,NULL,NULL,NULL,NULL,NULL,'2015-06-04 19:03:50','2015-06-05 23:21:41'),(33,13,'612','closed','movies','request','Munich (2005)','http://image.tmdb.org/t/p/w500/3pnsX1egUElYvgmAcCqYvXVOY9O.jpg','http://image.tmdb.org/t/p/w500/qhOlcpkWW0AcrCRvqnddA6kgCH4.jpg','6.7','','',NULL,NULL,NULL,NULL,NULL,NULL,'2015-06-04 19:05:12','2015-06-05 23:21:44'),(34,13,'9522','closed','movies','request','Wedding Crashers (2005)','http://image.tmdb.org/t/p/w500/vlnDz1Y3IcBhPyQAqAVtNghx4Eq.jpg','http://image.tmdb.org/t/p/w500/4V0hNC6SEbm836eg2BeaJvx1ZEO.jpg','6.3','','',NULL,NULL,NULL,NULL,NULL,NULL,'2015-06-04 19:06:47','2015-06-05 23:21:39'),(35,13,'9342','closed','movies','request','The Mask of Zorro (1998)','http://image.tmdb.org/t/p/w500/eh59q4ksXDQc97s52FUUQOkE8Th.jpg','http://image.tmdb.org/t/p/w500/734CjgMxoKZ0eTmE0R2WiMZQ5LL.jpg','6','','',NULL,NULL,NULL,NULL,NULL,NULL,'2015-06-04 19:07:41','2015-06-05 23:21:12'),(36,13,'1656','closed','movies','request','The Legend of Zorro (2005)','http://image.tmdb.org/t/p/w500/rH3WJbSE3APS1l1hTXZZbz3NVP1.jpg','http://image.tmdb.org/t/p/w500/mXP2oP6feaovDp03Q2SbterHTfa.jpg','5.8','','',NULL,NULL,NULL,NULL,NULL,NULL,'2015-06-04 19:08:00','2015-06-05 23:21:36'),(38,13,'16072','closed','movies','request','Gods and Generals (2003)','http://image.tmdb.org/t/p/w500/jodqsKcMfd31vqXHCosQ8joB5Hm.jpg','http://image.tmdb.org/t/p/w500/digwjKMBvk0C7ZeAMAXgoz2EKRv.jpg','6.5','','',NULL,NULL,NULL,NULL,NULL,NULL,'2015-06-06 03:58:54','2015-06-06 13:57:41'),(39,13,'10655','closed','movies','request','Gettysburg (1993)','http://image.tmdb.org/t/p/w500/xjpMfoPmo4bX8MEZPpWl8lBq6rx.jpg','http://image.tmdb.org/t/p/w500/lMtCVnBJ6C1q4YnfHGs7I6hPeGI.jpg','6.4','','',NULL,NULL,NULL,NULL,NULL,NULL,'2015-06-06 04:04:21','2015-06-06 13:57:54'),(40,14,'270303','closed','movies','request','It Follows (2014)','http://image.tmdb.org/t/p/w500/4MrwJZr0R9LbyOgZqwLNmtzzxbu.jpg','http://image.tmdb.org/t/p/w500/3kaKAlAsv44hKJ2JkPsu0kNYEJl.jpg','7','','',NULL,NULL,NULL,NULL,NULL,NULL,'2015-06-06 13:31:23','2015-06-06 14:57:55'),(41,14,'11054','closed','movies','request','Hairspray (1988)','http://image.tmdb.org/t/p/w500/awlcy51BoQxqxI6M6hqaQyUeEDj.jpg','http://image.tmdb.org/t/p/w500/ta9qJx96X4F9MK4PnYDpiAJeUWX.jpg','6','','',NULL,NULL,NULL,NULL,NULL,NULL,'2015-06-06 14:54:22','2015-06-07 14:00:19'),(42,14,'8291','closed','movies','request','Poetic Justice (1993)','http://image.tmdb.org/t/p/w500/vfXuJbZucP2hgkuthwMyz1IEM8s.jpg','http://image.tmdb.org/t/p/w500/8OlUqdPsJTOG1fqshk9PEtTswdJ.jpg','6.2','','',NULL,NULL,NULL,NULL,NULL,NULL,'2015-06-11 04:30:00','2015-06-12 02:59:40'),(43,15,'320295','closed','movies','request','Detective Byomkesh Bakshy (2015)','http://image.tmdb.org/t/p/w500/hKf0pKDFZCPHd5Uf4vQIA8OzoIP.jpg','http://image.tmdb.org/t/p/w500/98cXh6jIzEcdxzSwXKcrBee7St3.jpg','8','','',NULL,NULL,NULL,NULL,NULL,NULL,'2015-06-14 17:39:56','2015-06-16 02:43:02'),(45,16,'54671','closed','tv','issue','Penny Dreadful (2014)','https://image.tmdb.org/t/p/w500/fZXn2Nh8CNYRhGR2q1JVCnoeHJQ.jpg','https://image.tmdb.org/t/p/w500/xmmVkeA5xIpWuON7P9W28PINWKA.jpg','7.9','','',NULL,NULL,NULL,NULL,NULL,NULL,'2015-06-15 20:29:28','2015-06-30 23:48:24'),(46,17,'31911','closed','tv','request','Fullmetal Alchemist: Brotherhood (2009)','https://image.tmdb.org/t/p/w500/aYVBoq5MEtOBLlivSzDSpteZfXV.jpg','https://image.tmdb.org/t/p/w500/c368lahfH9sgdDHKp6ds7EprIga.jpg','7.6','','',NULL,NULL,NULL,NULL,NULL,NULL,'2015-06-21 16:37:53','2015-06-27 14:03:19'),(47,17,'37863','closed','tv','request','Fullmetal Alchemist (2004)','https://image.tmdb.org/t/p/w500/wMFZPYHT2z0LHQo38DNAsaKkrcs.jpg','https://image.tmdb.org/t/p/w500/dshSjE7LZRR7CK58hLDhOz5ANFe.jpg','5.9','','',NULL,NULL,NULL,NULL,NULL,NULL,'2015-06-21 16:38:03','2015-06-27 14:03:24'),(48,14,'10019','closed','movies','request','Mannequin (1987)','http://image.tmdb.org/t/p/w500/b60ZhkTTzlYdLF8TlGu43OHhd7Q.jpg','http://image.tmdb.org/t/p/w500/903PBoEP6Ii0f27x3iu1LgP9ox1.jpg','6.1','','',NULL,NULL,NULL,NULL,NULL,NULL,'2015-06-22 16:14:08','2015-06-27 14:05:11'),(49,5,'239573','closed','movies','request','Unfinished Business (2015)','http://image.tmdb.org/t/p/w500/syjAbeqw3pNwEmRQHlRGHZUG9kF.jpg','http://image.tmdb.org/t/p/w500/soIm2LsHjMxAd4RB2V9Ce67JW9t.jpg','4.8','','',NULL,NULL,NULL,NULL,NULL,NULL,'2015-06-23 17:53:55','2015-06-28 03:22:07'),(50,5,'329','closed','movies','request','Jurassic Park (1993)','http://image.tmdb.org/t/p/w500/c414cDeQ9b6qLPLeKmiJuLDUREJ.jpg','http://image.tmdb.org/t/p/w500/37y4MDTAAoBnTbX93WqaAAqm0on.jpg','7.1','','',NULL,NULL,NULL,NULL,NULL,NULL,'2015-06-23 17:54:15','2015-06-27 14:06:13'),(51,5,'3003','closed','movies','request','The Lost World (2001)','http://image.tmdb.org/t/p/w500/1MELelWN5lxv9Ufnwii24JUe5zM.jpg','http://image.tmdb.org/t/p/w500/58IdBN1UfzJeP5D4UU2WyDj9TJj.jpg','5.4','','',NULL,NULL,NULL,NULL,NULL,NULL,'2015-06-23 17:54:28','2015-06-30 00:02:49'),(53,5,'257091','closed','movies','request','Get Hard (2015)','http://image.tmdb.org/t/p/w500/qRzUSrN4p6B7fzA5XGm4ebFg3co.jpg','http://image.tmdb.org/t/p/w500/8dHsvdiZLBdppKwRiZ0XZYngbeN.jpg','6','','',NULL,NULL,NULL,NULL,NULL,NULL,'2015-06-23 17:54:47','2015-06-30 00:13:23'),(54,5,'62681','closed','tv','request','Deutschland 83 (2015)','https://image.tmdb.org/t/p/w500/yL7XdYrbjwPQg9Xt4NUspKLyM1K.jpg','https://image.tmdb.org/t/p/w500/mDDr2xJUpLWUcIHXDBIPydcC0Hd.jpg','0','','',NULL,NULL,NULL,NULL,NULL,NULL,'2015-06-24 21:41:39','2015-06-30 00:01:15'),(55,5,'62560','closed','tv','request','Mr. Robot (2015)','https://image.tmdb.org/t/p/w500/aubGV7NnVPjmX0XuXpHRlA1i5qF.jpg','https://image.tmdb.org/t/p/w500/9OEWK8nMTFmqQwAFpFyn7snIGP8.jpg','7.8','','',NULL,NULL,NULL,NULL,NULL,NULL,'2015-06-24 23:06:13','2015-06-29 23:59:18'),(56,13,'33827','closed','tv','request','How the Universe Works (2010)','https://image.tmdb.org/t/p/w500/2MsdHYtEZQqcifU61qVL9pUkqur.jpg','https://image.tmdb.org/t/p/w500/3B1kSwOwaj5kJ12B6kUxV4Beh0Y.jpg','9.8','','',NULL,NULL,NULL,NULL,NULL,NULL,'2015-07-04 00:39:38','2015-07-05 21:24:07'),(57,13,'250066','closed','movies','request','American Heist (2014)','http://image.tmdb.org/t/p/w500/6BPoMjHNqLxMhIeoGO1zpcpQWlw.jpg','http://image.tmdb.org/t/p/w500/dGDXCE7b6gjwGtyw0r8YWCaGO6z.jpg','4.9','','',NULL,NULL,NULL,NULL,NULL,NULL,'2015-07-04 00:39:56','2015-07-05 21:24:13'),(58,17,'62744','closed','tv','request','Major Lazer (2015)','https://plexy.ehumps.me/assets/img/no-poster.jpg','https://image.tmdb.org/t/p/w500/q6fX7jCJr9mGNrYXoDmbxYG7aeL.jpg','0','','',NULL,NULL,NULL,NULL,NULL,NULL,'2015-07-05 17:52:18','2015-07-08 02:47:12'),(59,5,'62822','closed','tv','request','Humans (2015)','https://image.tmdb.org/t/p/w500/gJCyS65ieDT827F2NR9Nx9ZLuw5.jpg','https://image.tmdb.org/t/p/w500/98MkbBwdbw9xfmxJlYlBWqu6xZZ.jpg','7.6','','',NULL,NULL,NULL,NULL,NULL,NULL,'2015-07-09 21:37:48','2015-07-10 00:19:07'),(60,5,'201088','closed','movies','request','Blackhat (2015)','http://image.tmdb.org/t/p/w500/sW3VEsulmxMlOmQwm0h7H7lZROi.jpg','http://image.tmdb.org/t/p/w500/biw5Nn85iBZZd8GWYO9XXH56VK2.jpg','5','','',NULL,NULL,NULL,NULL,NULL,NULL,'2015-07-09 21:38:18','2015-07-10 00:19:13'),(61,19,'256924','closed','movies','request','Danny Collins (2015)','http://image.tmdb.org/t/p/w500/4urGjmgtjuEBvfOhf37Cb0sICvM.jpg','http://image.tmdb.org/t/p/w500/rMTGWpCDLQIbWIhkfZdB9xU36Gd.jpg','7.2','','',NULL,NULL,NULL,NULL,NULL,NULL,'2015-07-10 04:10:46','2015-07-15 01:39:44'),(62,13,'1535','closed','movies','request','Spy Game (2001)','http://image.tmdb.org/t/p/w500/hsb8hBeU3tkTX8SUYW6YYw6JPYD.jpg','http://image.tmdb.org/t/p/w500/1Q6thcZHsDiJ0iRMXZWf7IEtX2b.jpg','6.3','','',NULL,NULL,NULL,NULL,NULL,NULL,'2015-07-13 00:00:21','2015-07-15 01:39:50'),(63,13,'4169','closed','movies','request','Breach (2007)','http://image.tmdb.org/t/p/w500/z38R6SPSNZM3mwbfH2D4wgZEtzv.jpg','http://image.tmdb.org/t/p/w500/nYgZ3V4rmjwitlK1w2wcXcXoEqo.jpg','5.7','','',NULL,NULL,NULL,NULL,NULL,NULL,'2015-07-13 00:01:34','2015-07-15 01:40:27'),(64,13,'1495','closed','movies','request','Kingdom of Heaven (2005)','http://image.tmdb.org/t/p/w500/d9GYuT9aMoDi4MPTKYe4M2PwUm4.jpg','http://image.tmdb.org/t/p/w500/dzMGckpN2xAQDLr2Ddr8CZ3WbYF.jpg','6.3','','',NULL,NULL,NULL,NULL,NULL,NULL,'2015-07-13 00:02:25','2015-07-15 01:40:35'),(65,13,'652','closed','movies','request','Troy (2004)','http://image.tmdb.org/t/p/w500/edMlij7nw2NMla32xskDnzMCFBM.jpg','http://image.tmdb.org/t/p/w500/lIyNUZbIeEwWpaWXAO5gnciB8Dq.jpg','6.7','','',NULL,NULL,NULL,NULL,NULL,NULL,'2015-07-13 00:03:46','2015-07-15 01:41:04'),(66,5,'207703','closed','movies','request','Kingsman: The Secret Service (2015)','http://image.tmdb.org/t/p/w500/8x7ej0LnHdKUqilNNJXYOeyB6L9.jpg','http://image.tmdb.org/t/p/w500/9eKd1DDDAbrDNXR2he7ZJEu7UkI.jpg','7.7','','',NULL,NULL,NULL,NULL,NULL,NULL,'2015-07-15 18:59:20','2015-07-20 18:31:40'),(68,13,'4133','closed','movies','request','Blow (2001)','http://image.tmdb.org/t/p/w500/yCLLbZzAa7jreGus7pvjZmL0bj7.jpg','http://image.tmdb.org/t/p/w500/kvDTWK25Yp92wg2ksAhKebISXZY.jpg','7.1','','',NULL,NULL,NULL,NULL,NULL,NULL,'2015-07-21 19:36:09','2015-07-23 02:37:12'),(70,5,'182873','closed','movies','request','Green Street Hooligans: Underground (2013)','http://image.tmdb.org/t/p/w500/47O0DRT92EIfWEOYTjMQIF1vBE2.jpg','http://image.tmdb.org/t/p/w500/abNekkt3ZRATLgVaoRkQJnTHKVs.jpg','5','','',NULL,NULL,NULL,NULL,NULL,NULL,'2015-07-22 14:22:59','2015-07-23 02:37:26'),(71,5,'172533','closed','movies','request','Drinking Buddies (2013)','http://image.tmdb.org/t/p/w500/zongyslIHQmfnf9rgUioPkDaHmq.jpg','http://image.tmdb.org/t/p/w500/7XO35t81SB5woNWl2pkq86QN982.jpg','6.1','','',NULL,NULL,NULL,NULL,NULL,NULL,'2015-07-22 14:23:37','2015-07-24 02:34:20'),(72,5,'11528','closed','movies','request','The Sandlot (1993)','http://image.tmdb.org/t/p/w500/fKJUQrAm5QbVR5DqgH9U5IflHGQ.jpg','http://image.tmdb.org/t/p/w500/m6kXoIPsU2zkvpA08pbJ3klRSW6.jpg','7.2','','',NULL,NULL,NULL,NULL,NULL,NULL,'2015-07-22 14:23:52','2015-07-23 02:37:34'),(73,5,'8923','closed','movies','request','Hooligans (2005)','http://image.tmdb.org/t/p/w500/z3LC4kI8azbeuHRGgDdWo6VBCdX.jpg','http://image.tmdb.org/t/p/w500/qG2NKjGLsFxohQYUWcjgI1fsuzz.jpg','6.9','','',NULL,NULL,NULL,NULL,NULL,NULL,'2015-07-23 21:45:30','2015-07-26 02:49:23'),(74,20,'17414','closed','movies','request','Dunston Checks In (1996)','http://image.tmdb.org/t/p/w500/lXSWbUA3T2o792SYdbfFKFTcSC1.jpg','http://image.tmdb.org/t/p/w500/dpiciyrHsu9BchmC4x8PoCfubre.jpg','5.6','','',NULL,NULL,NULL,NULL,NULL,NULL,'2015-07-26 03:16:20','2015-07-26 04:24:28'),(76,7,'126963','closed','movies','request','Doragon boru Z: Kami to kami (2013)','http://image.tmdb.org/t/p/w500/xI5LlCzSkp8iFSbmla0Dh4iT5ie.jpg','http://image.tmdb.org/t/p/w500/xKVE8ZsNUBBI0sE4Vpv8yv6DsPZ.jpg','6.4','','',NULL,NULL,NULL,NULL,NULL,NULL,'2015-07-26 15:55:43','2015-07-26 16:14:48'),(77,21,'41727','closed','tv','request','Banshee (2013)','https://image.tmdb.org/t/p/w500/fvocBFChMERoxWb7MMuTsUqWEis.jpg','https://image.tmdb.org/t/p/w500/rvk7SMZRKR5BxDAxZmR5RF666uC.jpg','8.1','','',NULL,NULL,NULL,NULL,NULL,NULL,'2015-07-28 13:39:48','2015-07-30 02:41:29'),(78,7,'262500','closed','movies','request','Insurgent (2015)','http://image.tmdb.org/t/p/w500/aBBQSC8ZECGn6Wh92gKDOakSC8p.jpg','http://image.tmdb.org/t/p/w500/L5QRL1O3fGs2hH1LbtYyVl8Tce.jpg','7.1','','',NULL,NULL,NULL,NULL,NULL,NULL,'2015-07-29 21:34:14','2015-07-30 02:24:43'),(79,22,'139779','closed','movies','issue','Americans (2012)','http://plexy.ehumps.me/assets/img/no-poster.jpg','http://plexy.ehumps.me/assets/img/no-backdrop.jpg','0','','',NULL,NULL,NULL,NULL,NULL,NULL,'2015-07-30 01:31:42','2015-07-30 23:41:08'),(80,22,'21762','closed','tv','request','Parenthood (2010)','https://image.tmdb.org/t/p/w500/bjTrFU3U7DRsNix6lAd3BTxtxGP.jpg','https://image.tmdb.org/t/p/w500/AnyJUFCXJj5TUpH7PhRSklB58jR.jpg','5.5','','',NULL,NULL,NULL,NULL,NULL,NULL,'2015-07-30 01:32:55','2015-07-30 23:40:17'),(82,7,'10637','closed','movies','request','Remember the Titans (2000)','http://image.tmdb.org/t/p/w500/iI12IRzif2VjTkQJRDQw3WyWKdS.jpg','http://image.tmdb.org/t/p/w500/wyTpmdwCOYA7NpuQIA1vjNlHBTh.jpg','7.2','','',NULL,NULL,NULL,NULL,NULL,NULL,'2015-07-30 17:43:50','2015-07-30 23:46:04'),(89,20,'245706','closed','movies','request','True Story (2015)','http://image.tmdb.org/t/p/w500/2kJCtB5FPfNH3LDYv2vINrtgCRD.jpg','http://image.tmdb.org/t/p/w500/cZmWjJ9V6tJc12Hxq4Utp42u08V.jpg','6','','',NULL,NULL,NULL,NULL,NULL,NULL,'2015-08-09 15:36:19','2015-08-10 13:09:23'),(90,13,'120','closed','movies','issue','The Lord of the Rings: The Fellowship of the Ring (2001)','http://image.tmdb.org/t/p/w500/9HG6pINW1KoFTAKY3LdybkoOKAm.jpg','http://image.tmdb.org/t/p/w500/pIUvQ9Ed35wlWhY2oU6OmwEsmzG.jpg','7.6','','',NULL,NULL,NULL,NULL,NULL,NULL,'2015-08-10 12:41:11','2015-08-11 00:50:27'),(91,7,'62715','closed','tv','request','Dragon Ball Super (2015)','https://image.tmdb.org/t/p/w500/gvXgLEq5rqHk8n1wntbEiYLt7ZL.jpg','https://image.tmdb.org/t/p/w500/cWSmuscMe5YiSnvlXAbuu7VBlV6.jpg','9.3','','',NULL,NULL,NULL,NULL,NULL,NULL,'2015-08-13 14:37:22','2015-08-16 03:01:22'),(92,16,'62819','closed','tv','request','Another Period (2015)','https://image.tmdb.org/t/p/w500/gCi6OJjS4GZ4RazJYcIrwbQRSl7.jpg','https://image.tmdb.org/t/p/w500/mkkzE3IODFJ1HR2RI5Hvr5L53pq.jpg','2.3','','',NULL,NULL,NULL,NULL,NULL,NULL,'2015-08-18 03:57:19','2015-08-21 00:33:35'),(93,5,'9845','closed','tv','request','Distraction (2003)','https://image.tmdb.org/t/p/w500/yRrRxTDwhmftpMagGp453DARiBp.jpg','https://image.tmdb.org/t/p/w500/zz249szjD8k639iZs4aso9ij9yW.jpg','0','','',NULL,NULL,NULL,NULL,NULL,NULL,'2015-08-21 21:51:09','2015-08-22 22:42:21'),(94,5,'796','closed','movies','request','Cruel Intentions (1999)','http://image.tmdb.org/t/p/w500/6RQu0J2u7viDa34Nn98sKaHv5jD.jpg','http://image.tmdb.org/t/p/w500/74OOkCoNbMb5bDg1AVXQxmGUTex.jpg','6.4','','',NULL,NULL,NULL,NULL,NULL,NULL,'2015-08-21 21:51:39','2015-08-21 23:54:57'),(95,12,'61920','closed','tv','request','Catastrophe (2015)','https://image.tmdb.org/t/p/w500/de1InaF5qiYFptAvTrtexM7sot7.jpg','https://image.tmdb.org/t/p/w500/czSpMOjMkL4PBW7Zi2HFJn40KXj.jpg','7','','',NULL,NULL,NULL,NULL,NULL,NULL,'2015-08-23 03:13:08','2015-08-23 03:44:37'),(96,19,'10189','closed','movies','request','Pineapple Express (2008)','http://image.tmdb.org/t/p/w500/scEvOPl6ZJctQVnRWHvq0pP0DkM.jpg','http://image.tmdb.org/t/p/w500/gsQMJV0UM6nDLOhNDTlON8Iezed.jpg','6.4','','',NULL,NULL,NULL,NULL,NULL,NULL,'2015-08-27 06:01:34','2015-08-27 14:38:02'),(97,19,'1407','closed','movies','request','La Môme (2007)','http://image.tmdb.org/t/p/w500/zVnIx9gR5pzv6UxSB6GOseeaA7M.jpg','http://image.tmdb.org/t/p/w500/wWtmnghD3D1Fuotc4CsT5OLlxVW.jpg','7.2','','',NULL,NULL,NULL,NULL,NULL,NULL,'2015-08-27 06:03:34','2015-08-27 14:38:09'),(98,19,'34653','closed','movies','request','A Single Man (2009)','http://image.tmdb.org/t/p/w500/eY2KXtuQG5YUsJxuuEKayzu7ISw.jpg','http://image.tmdb.org/t/p/w500/76l4nbcPbClrAtM3xypKy34TXLF.jpg','7.1','','',NULL,NULL,NULL,NULL,NULL,NULL,'2015-08-27 06:04:29','2015-08-27 14:38:16'),(99,19,'12586','closed','movies','request','Bella (2006)','http://image.tmdb.org/t/p/w500/plzJRXJowQ9cLkMQPGF4wvch3c1.jpg','http://image.tmdb.org/t/p/w500/lE9suBuJ6MH275EU8wZfGgCjBrJ.jpg','6.5','','',NULL,NULL,NULL,NULL,NULL,NULL,'2015-08-27 06:06:39','2015-09-01 02:38:55'),(100,20,'150540','closed','movies','request','Inside Out (2015)','http://image.tmdb.org/t/p/w500/aAmfIX3TT40zUHGcCKrlOZRKC7u.jpg','http://image.tmdb.org/t/p/w500/szytSpLAyBh3ULei3x663mAv5ZT.jpg','8.2','','',NULL,NULL,NULL,NULL,NULL,NULL,'2015-08-29 21:33:50','2015-10-13 01:11:49'),(101,13,'62732','closed','tv','request','Texas Rising (2015)','https://image.tmdb.org/t/p/w500/zf24D7Gsz0iicv2tSFg4SPPtY4D.jpg','https://image.tmdb.org/t/p/w500/caooUxx7IDZxBKX6EQ2W1ot8cF7.jpg','5.9','','',NULL,NULL,NULL,NULL,NULL,NULL,'2015-08-30 17:05:01','2015-09-01 02:38:21'),(108,13,'11665','closed','movies','request','Get Smart (2008)','http://image.tmdb.org/t/p/w780/zS3UhYJvy6oLTBgNckpoyAa0qNs.jpg','http://image.tmdb.org/t/p/w780/jrWrNLPeeB4d7II30EJRSYX7Sbr.jpg','5.9','','',NULL,NULL,NULL,NULL,NULL,NULL,'2015-09-07 14:29:33','2015-09-07 14:34:25'),(109,5,'16136','closed','movies','request','Juice (1992)','http://image.tmdb.org/t/p/w780/qBPi6CwrdVwdhYFURRkEmAcsRtv.jpg','http://image.tmdb.org/t/p/w780/jr8PI0Y6rHu4yR2d8BMj5YwTOMO.jpg','7.4','','',NULL,NULL,NULL,NULL,NULL,NULL,'2015-09-10 15:59:20','2015-09-10 15:59:20'),(110,5,'74461','closed','movies','request','Knights of Badassdom (2014)','http://image.tmdb.org/t/p/w780/iuWgWWY71kQVF5aGlj8BMmJGjkE.jpg','http://image.tmdb.org/t/p/w780/xiu0tTYwOoeCEcVDJvgpKY0R4bO.jpg','5.5','','',NULL,NULL,NULL,NULL,NULL,NULL,'2015-09-11 15:35:11','2015-09-11 15:35:11'),(111,3,'355161','closed','movies','request','Crash Test (2015)','http://image.tmdb.org/t/p/w780/yiLJqj4l9Vx2GR3wDIzzj6tP3qZ.jpg','http://image.tmdb.org/t/p/w780/gurs1JIvRYlYMcyj4ALV9zYHwWw.jpg','0','','',NULL,NULL,NULL,NULL,NULL,NULL,'2015-09-11 16:14:06','2015-09-11 16:14:06'),(112,5,'627','closed','movies','request','Trainspotting (1996)','http://image.tmdb.org/t/p/w780/p1O3eFsdb0GEIYu87xlwV7P4jM1.jpg','http://image.tmdb.org/t/p/w780/yfNhWKqJFWTRvSo3Qf2x1IFteG3.jpg','7.3','','',NULL,NULL,NULL,NULL,NULL,NULL,'2015-09-18 22:45:18','2015-09-25 20:26:15'),(113,26,'271397','closed','movies','request','The Tribe (2014)','http://image.tmdb.org/t/p/w780/egoX1ajEFcrenWhNBcfin3l5xCk.jpg','http://image.tmdb.org/t/p/w780/p0QagqfLdVHfxsOO3blJfx4aSQY.jpg','6.8','','',NULL,NULL,NULL,NULL,NULL,NULL,'2015-09-20 00:22:17','2015-09-20 00:22:17'),(114,26,'308024','closed','movies','request','The Overnight (2015)','http://image.tmdb.org/t/p/w780/7lpwOktSqsLobN1lpJUFpo7zRJ0.jpg','http://image.tmdb.org/t/p/w780/wdT83RBJFTroCkwcWgx4Yo6leos.jpg','5.6','','',NULL,NULL,NULL,NULL,NULL,NULL,'2015-09-20 01:18:07','2015-09-20 01:18:07'),(115,13,'51876','closed','movies','request','Limitless (2011)','http://image.tmdb.org/t/p/w780/bQfOFEeXxi51ijQrbQY9qvMtYhZ.jpg','http://image.tmdb.org/t/p/w780/9ISArgiVBdNLASKmvflRDMOYYMj.jpg','6.9','','',NULL,NULL,NULL,NULL,NULL,NULL,'2015-09-21 23:18:57','2015-09-21 23:18:57'),(116,13,'10764','closed','movies','request','Quantum of Solace (2008)','http://image.tmdb.org/t/p/w780/6mlNx0Jiqhg3D7NlANT9pidsgPJ.jpg','http://image.tmdb.org/t/p/w780/hfZVY8lMiE7HH1cDc2qzSFF6Kbt.jpg','6','','',NULL,NULL,NULL,NULL,NULL,NULL,'2015-09-22 00:15:35','2015-09-22 03:13:15'),(117,26,'2673','closed','tv','request','The O.C. (2003)','https://image.tmdb.org/t/p/w780/bEvtf9F9FYNc0reXootSEqW4lIN.jpg','https://image.tmdb.org/t/p/w780/g51CTymHMhJkcnf8VI47r5XO3D6.jpg','5.8','','',NULL,NULL,NULL,NULL,NULL,NULL,'2015-09-22 02:37:03','2015-09-22 15:07:19'),(118,3,'0qE5QSP0wAkhMzt8X4TGPC','closed','music','request','Another One','https://i.scdn.co/image/5b919c3e01d09949205185e6823c722bcda91237','','','','',NULL,NULL,NULL,NULL,NULL,NULL,'2015-09-22 03:14:51','2015-09-22 03:26:47'),(119,5,'31497','closed','tv','issue','The League (2009)','https://image.tmdb.org/t/p/w780/7utsUbqkNISOoxN39pRM054QTYx.jpg','https://image.tmdb.org/t/p/w780/yWCyg9IV4BmDNnxGpw61U2DhVB4.jpg','6.9','','',NULL,NULL,NULL,NULL,NULL,NULL,'2015-09-25 19:43:42','2015-09-27 01:22:59'),(120,5,'1835','closed','tv','request','Kenan & Kel (1996)','https://image.tmdb.org/t/p/w780/21IC4loleLaWmSs44Dzw6i4hO6Y.jpg','https://image.tmdb.org/t/p/w780/qrx0wQgt61iAOqxdsQQmmXTDing.jpg','6.3','','',NULL,NULL,NULL,NULL,NULL,NULL,'2015-09-25 21:27:53','2015-09-27 01:22:41'),(121,3,'60585','closed','tv','request','Bosch (2014)','https://image.tmdb.org/t/p/w780/4FcuYC7wWSYAuu8H9HGpxyX6Czc.jpg','https://image.tmdb.org/t/p/w780/1chVWlc2POx1skFk904ZFVZkWR9.jpg','7.3','','',NULL,NULL,NULL,NULL,NULL,NULL,'2015-09-29 00:58:44','2015-09-30 01:18:58'),(122,5,'62815','closed','tv','request','The Muppets (2015)','https://image.tmdb.org/t/p/w780/uh83s3uQjmTevLDd9tgzO05JmS9.jpg','https://image.tmdb.org/t/p/w780/lJxVuYdpTCE6gEBBEqKi88bFC3w.jpg','8.5','','',NULL,NULL,NULL,NULL,NULL,NULL,'2015-09-30 22:57:43','2015-10-01 01:06:52'),(123,13,'30896','closed','tv','request','2 Months 2 Million (2009)','https://image.tmdb.org/t/p/w780/d5YBj6AOqa5mDhIGP4kH7O5qw67.jpg','https://image.tmdb.org/t/p/w780/stxz0Ghv9EAgTrlDDCuYoxJwTR6.jpg','0','','',NULL,NULL,NULL,NULL,NULL,NULL,'2015-10-02 00:04:23','2015-10-03 12:40:22'),(124,27,'102899','open','movies','request','Ant-Man (2015)','https://image.tmdb.org/t/p/w780/7SGGUiTE6oc2fh9MjIk5M00dsQd.jpg','https://image.tmdb.org/t/p/w780/kvXLZqY0Ngl1XSw7EaMQO0C1CCj.jpg','7','','',NULL,NULL,NULL,NULL,NULL,NULL,'2015-10-02 00:27:28','2015-10-02 00:27:28'),(125,27,'135397','closed','movies','request','Jurassic World (2015)','https://image.tmdb.org/t/p/w780/A0y20Yn4h34IL5yHDlhT7NNP56o.jpg','https://image.tmdb.org/t/p/w780/t5KONotASgVKq4N19RyhIthWOPG.jpg','7','','',NULL,NULL,NULL,NULL,NULL,NULL,'2015-10-02 00:27:42','2015-10-02 22:39:52'),(126,27,'99861','closed','movies','request','Avengers: Age of Ultron (2015)','https://image.tmdb.org/t/p/w780/t90Y3G8UGQp0f0DrP60wRu9gfrH.jpg','https://image.tmdb.org/t/p/w780/570qhjGZmGPrBGnfx70jcwIuBr4.jpg','7.6','','',NULL,NULL,NULL,NULL,NULL,NULL,'2015-10-02 00:28:11','2015-10-03 12:42:27'),(127,27,'274854','open','movies','request','The Last Witch Hunter (2015)','https://image.tmdb.org/t/p/w780/89pyx5W2jlF0SF0eNvtd5do1VPT.jpg','https://image.tmdb.org/t/p/w780/un7cdRemXAXkoDXYrGfYjKPoUd5.jpg','5.9','','',NULL,NULL,NULL,NULL,NULL,NULL,'2015-10-02 00:29:39','2015-10-02 00:29:39'),(128,27,'249070','closed','movies','request','Hitman: Agent 47 (2015)','https://image.tmdb.org/t/p/w780/4VmZeT8YkuMI6BrA623mHZDISlN.jpg','https://image.tmdb.org/t/p/w780/EnWldA0LlltnAhKjmBZci6Y4Lc.jpg','5.6','','',NULL,NULL,NULL,NULL,NULL,NULL,'2015-10-02 00:30:13','2015-11-02 14:45:10'),(129,27,'206647','open','movies','request','SPECTRE (2015)','https://image.tmdb.org/t/p/w780/zHx5KaKaQdZZnEUgtjcIdNcB3ka.jpg','https://image.tmdb.org/t/p/w780/fa9qPNpmLtk7yC5KZj9kIxlDJvG.jpg','7.1','','',NULL,NULL,NULL,NULL,NULL,NULL,'2015-10-02 00:30:58','2015-10-02 00:30:58'),(130,27,'214756','closed','movies','request','Ted 2 (2015)','https://image.tmdb.org/t/p/w780/A7HtCxFe7Ms8H7e7o2zawppbuDT.jpg','https://image.tmdb.org/t/p/w780/nkwoiSVJLeK0NI8kTqioBna61bm.jpg','6.9','','',NULL,NULL,NULL,NULL,NULL,NULL,'2015-10-02 00:31:18','2015-10-03 12:42:19'),(131,27,'150540','closed','movies','request','Inside Out (2015)','https://image.tmdb.org/t/p/w780/aAmfIX3TT40zUHGcCKrlOZRKC7u.jpg','https://image.tmdb.org/t/p/w780/szytSpLAyBh3ULei3x663mAv5ZT.jpg','8.2','','',NULL,NULL,NULL,NULL,NULL,NULL,'2015-10-02 00:32:12','2015-10-13 01:12:04'),(132,20,'11830','closed','movies','request','Tampopo (1985)','https://image.tmdb.org/t/p/w780/6dtWLV6LRbTrz438xh08G46vghv.jpg','https://image.tmdb.org/t/p/w780/1i7EsU2dVGqP3xEJSPF2boKxttQ.jpg','7.3','','',NULL,NULL,NULL,NULL,NULL,NULL,'2015-10-02 00:34:23','2015-10-03 01:04:22'),(133,27,'87101','closed','movies','request','Terminator Genisys (2015)','https://image.tmdb.org/t/p/w780/5JU9ytZJyR3zmClGmVm9q4Geqbd.jpg','https://image.tmdb.org/t/p/w780/bIlYH4l2AyYvEysmS2AOfjO7Dn8.jpg','6.3','','',NULL,NULL,NULL,NULL,NULL,NULL,'2015-10-02 00:34:32','2015-10-03 12:42:08'),(134,27,'534','closed','movies','request','Terminator Salvation (2009)','https://image.tmdb.org/t/p/w780/hxDfhavtxA2Ayx7O9BsQMcZRdG0.jpg','https://image.tmdb.org/t/p/w780/rVVjuF0MuliDCtp79A7RGbhLT6o.jpg','5.8','','',NULL,NULL,NULL,NULL,NULL,NULL,'2015-10-02 00:35:03','2015-10-03 12:41:50'),(135,27,'294254','closed','movies','request','Maze Runner: The Scorch Trials (2015)','https://image.tmdb.org/t/p/w780/vlTPQANjLYTebzFJM1G4KeON0cb.jpg','https://image.tmdb.org/t/p/w780/bAfIhDOte1QKp6BpisfPPEcrROh.jpg','6.8','','',NULL,NULL,NULL,NULL,NULL,NULL,'2015-10-02 00:35:35','2015-10-23 01:16:06'),(136,27,'286217','open','movies','request','The Martian (2015)','https://image.tmdb.org/t/p/w780/AjbENYG3b8lhYSkdrWwlhVLRPKR.jpg','https://image.tmdb.org/t/p/w780/2XegKZ0I4QrvzpEHneigRk6YTB1.jpg','6.3','','',NULL,NULL,NULL,NULL,NULL,NULL,'2015-10-02 00:36:10','2015-10-02 00:36:10'),(137,27,'238615','closed','movies','request','Self/less (2015)','https://image.tmdb.org/t/p/w780/tjASt1toIaWxjlMwgFXxPfkIoA4.jpg','https://image.tmdb.org/t/p/w780/yKY6Sqv7xLHkRGDnfC8fmHRX93i.jpg','6.4','','',NULL,NULL,NULL,NULL,NULL,NULL,'2015-10-02 00:36:46','2015-10-03 12:41:00'),(138,27,'46529','closed','movies','request','I Am Number Four (2011)','https://image.tmdb.org/t/p/w780/adgjVW0rtZ3fO00hoY71cDogzwE.jpg','https://image.tmdb.org/t/p/w780/b6rXH9f1UMP01qtyN5LiBX4ubIU.jpg','6','','',NULL,NULL,NULL,NULL,NULL,NULL,'2015-10-02 00:37:09','2015-10-03 12:41:34'),(139,27,'39254','closed','movies','request','Real Steel (2011)','https://image.tmdb.org/t/p/w780/drtXi58nN6P3zcoLh6wUlsZAYqh.jpg','https://image.tmdb.org/t/p/w780/pP2sONJEJraOioyrdCtwbVHDkRy.jpg','6.5','','',NULL,NULL,NULL,NULL,NULL,NULL,'2015-10-02 00:38:33','2015-10-03 12:41:43'),(140,27,'18501','closed','movies','request','Gamer (2009)','https://image.tmdb.org/t/p/w780/ki0s06d4iUeDEdLfCcQQO2NY6Co.jpg','https://image.tmdb.org/t/p/w780/gCVAvKhsD5BrGZhyj1sNnwsqCY5.jpg','5.7','','',NULL,NULL,NULL,NULL,NULL,NULL,'2015-10-02 00:40:39','2015-10-03 12:41:26'),(141,27,'254128','closed','movies','request','San Andreas (2015)','https://image.tmdb.org/t/p/w780/qey0tdcOp9kCDdEZuJ87yE3crSe.jpg','https://image.tmdb.org/t/p/w780/ioEozbN5RJouaIWTSe8zNHkC1yY.jpg','6.3','','',NULL,NULL,NULL,NULL,NULL,NULL,'2015-10-02 00:40:59','2015-10-03 12:41:14'),(144,29,'9552','closed','movies','request','The Exorcist (1973)','https://image.tmdb.org/t/p/w780/eYVZP9CibJg1fyZnZahfFIYqfPr.jpg','https://image.tmdb.org/t/p/w780/unBJ0rZsL2kzs11FliadlDyv6ji.jpg','7','','',NULL,NULL,NULL,NULL,NULL,NULL,'2015-10-04 03:16:39','2015-10-04 13:11:45'),(145,7,'150540','closed','movies','request','Inside Out (2015)','https://image.tmdb.org/t/p/w780/aAmfIX3TT40zUHGcCKrlOZRKC7u.jpg','https://image.tmdb.org/t/p/w780/szytSpLAyBh3ULei3x663mAv5ZT.jpg','8.2','','',NULL,NULL,NULL,NULL,NULL,NULL,'2015-10-04 17:20:32','2015-10-13 01:12:20'),(146,5,'54358','closed','movies','request','Resurrect Dead: The Mystery of the Toynbee Tiles (2011)','https://image.tmdb.org/t/p/w780/f4IwjCRpfS7NTl3vTOn712FgoN6.jpg','https://image.tmdb.org/t/p/w780/uXfdSA6zGuhNSnDmX3kcRF9MFPD.jpg','6.7','','',NULL,NULL,NULL,NULL,NULL,NULL,'2015-10-06 13:53:13','2015-10-06 20:09:08'),(148,26,'34549','closed','tv','request','The Great British Bake Off (2010)','https://image.tmdb.org/t/p/w780/seiTCkYeKzdqph6N0SnNjf3hwuN.jpg','https://image.tmdb.org/t/p/w780/qWuuUPcIJh0vmav8yM7aqDXind0.jpg','3.3','','',NULL,NULL,NULL,NULL,NULL,NULL,'2015-10-09 03:47:51','2015-10-10 18:37:23'),(149,5,'60781','closed','tv','request','A Bite of China (2012)','https://image.tmdb.org/t/p/w780/ytsznNPI9kLIGwBsfHkAliaNtx9.jpg','https://image.tmdb.org/t/p/w780/vMU84E0Cmeohbvlx1phR9eFi2et.jpg','0','','',NULL,NULL,NULL,NULL,NULL,NULL,'2015-10-10 19:00:30','2015-10-13 01:14:55'),(150,5,'54344','open','tv','request','The Leftovers (2014)','https://image.tmdb.org/t/p/w780/xRSb3uOPxTjujx8azOGHl2H7Q3Z.jpg','https://image.tmdb.org/t/p/w780/sre661riZDJGuNsA4UN8CwqBc93.jpg','6.2','','',NULL,NULL,NULL,NULL,NULL,NULL,'2015-10-14 21:50:21','2015-10-14 21:50:21'),(151,5,'61378','closed','tv','request','Madam Secretary (2014)','https://image.tmdb.org/t/p/w780/AhyVioYyB7nPIEk0gFwVkaQCQpF.jpg','https://image.tmdb.org/t/p/w780/lgKuKrXAd90Z2IjYpL767WSUBjN.jpg','5.6','','',NULL,NULL,NULL,NULL,NULL,NULL,'2015-10-14 21:51:12','2015-10-21 00:50:52'),(152,5,'33907','closed','tv','request','Downton Abbey (2010)','https://image.tmdb.org/t/p/w780/tlbS1mqX2x5lVSyuxfTwDPwnTmD.jpg','https://image.tmdb.org/t/p/w780/1d0LIjIl9LALWxKbc2Pcw7x9Yh9.jpg','7.9','','',NULL,NULL,NULL,NULL,NULL,NULL,'2015-10-14 21:52:22','2015-10-21 00:50:21'),(153,5,'9571','closed','movies','request','Dazed and Confused (1993)','https://image.tmdb.org/t/p/w780/sYYhVAdCzReWYfj1ugFlWh3ldzw.jpg','https://image.tmdb.org/t/p/w780/lIQ8KxnqMpto5EeEI91MXeQNAJ8.jpg','7.1','','',NULL,NULL,NULL,NULL,NULL,NULL,'2015-10-14 21:53:32','2015-10-18 02:21:39'),(154,5,'107','closed','movies','request','Snatch (2000)','https://image.tmdb.org/t/p/w780/on9JlbGEccLsYkjeEph2Whm1DIp.jpg','https://image.tmdb.org/t/p/w780/w6Ecdh1Erq285jEVVKmjnkFUIdj.jpg','7.5','','',NULL,NULL,NULL,NULL,NULL,NULL,'2015-10-14 21:53:50','2015-10-18 02:21:51'),(155,5,'100','closed','movies','request','Lock, Stock and Two Smoking Barrels (1998)','https://image.tmdb.org/t/p/w780/9WObtE3uqnVAt9hLSK0qtwh9Izd.jpg','https://image.tmdb.org/t/p/w780/kzeR7BA0htJ7BeI6QEUX3PVp39s.jpg','7.2','','',NULL,NULL,NULL,NULL,NULL,NULL,'2015-10-14 21:55:21','2015-10-18 02:21:45'),(156,5,'2798','closed','tv','request','Space Ghost Coast to Coast (1994)','https://image.tmdb.org/t/p/w780/hScBD7gt9kJR6Ty68zIaIHI2bIp.jpg','https://image.tmdb.org/t/p/w780/vkf62WWYiVpkByzFN4vVZ7pO8QP.jpg','8.5','','',NULL,NULL,NULL,NULL,NULL,NULL,'2015-10-14 22:51:52','2015-10-21 00:50:43'),(157,5,'481','closed','tv','request','The Brak Show (2000)','https://image.tmdb.org/t/p/w780/dY3ZEMAZtddkKXpx7I4HRdEGS0A.jpg','https://image.tmdb.org/t/p/w780/vqXTxBpy1GXQF7KeruGYdVnNXY8.jpg','8','','',NULL,NULL,NULL,NULL,NULL,NULL,'2015-10-14 22:52:12','2015-10-21 00:50:04'),(158,5,'2408','closed','tv','request','The Wild Thornberrys (1998)','https://image.tmdb.org/t/p/w780/sBe4CEieWdtggMFi27EbvCca586.jpg','https://image.tmdb.org/t/p/w780/z17iAnXRBiIiaYfddCr4rzqDAYX.jpg','0','','',NULL,NULL,NULL,NULL,NULL,NULL,'2015-10-14 22:52:30','2015-10-21 00:50:36'),(159,20,'61575','closed','tv','request','90 Day Fiancé (2014)','https://image.tmdb.org/t/p/w780/h8nLf4m2Bc6abzjUERH0TzVqhm8.jpg','https://image.tmdb.org/t/p/w780/2BGasR9UCpBk51ftSRoxMRZ6dGj.jpg','0','','',NULL,NULL,NULL,NULL,NULL,NULL,'2015-10-17 00:20:13','2015-10-21 00:48:23'),(160,13,'284289','closed','movies','issue',' (2015)','https://image.tmdb.org/t/p/w780/ouMb1EDwM88YYjlN37UzhByGKRO.jpg','https://image.tmdb.org/t/p/w780/zxnfzrBB38gXIrJ4PfsUaxCdqtu.jpg','5.4','','',NULL,NULL,NULL,NULL,NULL,NULL,'2015-10-20 03:07:24','2015-10-21 00:48:15'),(161,20,'786','closed','movies','request','Almost Famous (2000)','https://image.tmdb.org/t/p/w780/9pNo92j6zSEAUB8pNmcJTkpnkBF.jpg','https://image.tmdb.org/t/p/w780/gZwhqo1CfYKAqTRUmnyxQw8U8Ti.jpg','7.1','','',NULL,NULL,NULL,NULL,NULL,NULL,'2015-10-25 22:51:37','2015-10-25 23:55:26'),(162,26,'872','closed','movies','request','Singin\' in the Rain (1952)','https://image.tmdb.org/t/p/w780/bLbZBIeEqBcDiqUmLare2nv8fAt.jpg','https://image.tmdb.org/t/p/w780/ra3YYX20u8Vz43aj3z2fLqsPRlA.jpg','7.2','','',NULL,NULL,NULL,NULL,NULL,NULL,'2015-10-27 01:31:03','2015-10-28 17:01:21'),(163,26,'2769','closed','movies','request','An American in Paris (1951)','https://image.tmdb.org/t/p/w780/nydhf86r3wyEiJjPL9h6tr98KPF.jpg','https://image.tmdb.org/t/p/w780/bX1cRtMnTIKnjkXteoB5ZtbOPOu.jpg','6.5','','',NULL,NULL,NULL,NULL,NULL,NULL,'2015-10-27 01:31:25','2015-10-28 17:01:16'),(164,5,'80688','closed','movies','request','Steve Jobs: Billion Dollar Hippy (2011)','https://image.tmdb.org/t/p/w780/91Q6PEea2c0Epzoifyf14ReINHZ.jpg','https://image.tmdb.org/t/p/w780/5QSbM1vHzq48QCdo9GisBMBTgHR.jpg','6.6','','',NULL,NULL,NULL,NULL,NULL,NULL,'2015-10-31 01:52:35','2015-11-02 14:44:42'),(165,5,'115782','closed','movies','request','Jobs (2013)','https://image.tmdb.org/t/p/w780/ioI5pOOr5yWZAAZPEts5oSQwUrT.jpg','https://image.tmdb.org/t/p/w780/exb7qw4BPOwBr0qlxIsEKc3TCR.jpg','6.1','','',NULL,NULL,NULL,NULL,NULL,NULL,'2015-10-31 01:53:39','2015-11-02 14:44:47'),(169,30,'44865','closed','movies','request','The Grandmaster (2013)','https://image.tmdb.org/t/p/w780/8OIEVvoTmbGotdygjXzSNX8ribV.jpg','https://image.tmdb.org/t/p/w780/k3ATJ7zmlCw45x6OH4WutlXqTvy.jpg','6.3','','',NULL,NULL,NULL,NULL,NULL,NULL,'2015-11-07 21:19:50','2015-11-08 23:18:38'),(170,5,'41999','closed','movies','request','The Art of the Steal (2009)','https://image.tmdb.org/t/p/w780/59p72lcTvqDl4atYJ4TqQ06sxon.jpg','https://image.tmdb.org/t/p/w780/8fU8OSjY8GzHlSouD5Ujs7tPieb.jpg','6.5','','',NULL,NULL,NULL,NULL,NULL,NULL,'2015-11-08 04:10:30','2015-11-08 17:14:59'),(171,27,'33217','closed','tv','request','Young Justice (2011)','https://image.tmdb.org/t/p/w780/jBRUIjTAJdgX7cfO9wnMBtPywew.jpg','https://image.tmdb.org/t/p/w780/dvFAzMGgiBtYwEmjjT9muuIIOfX.jpg','8.3','','',NULL,NULL,NULL,NULL,NULL,NULL,'2015-11-10 16:55:17','2015-11-11 18:40:43'),(172,27,'604','closed','tv','request','Teen Titans (2003)','https://image.tmdb.org/t/p/w780/tfdiVvJkYMbUOXDWibPjzu5dY6S.jpg','https://image.tmdb.org/t/p/w780/hHwEptckXUwZM7XO2lxZ8w8upuU.jpg','8.8','','',NULL,NULL,NULL,NULL,NULL,NULL,'2015-11-10 16:56:18','2015-11-11 18:40:56'),(173,27,'16237','closed','movies','request','Teen Titans: Trouble in Tokyo (2007)','https://image.tmdb.org/t/p/w780/6ZA4le0Tg1yuMp30va00Ttzwxmx.jpg','https://image.tmdb.org/t/p/w780/9mtD8fC3eTC5z1bRQPsMXPyUHfY.jpg','7.3','','',NULL,NULL,NULL,NULL,NULL,NULL,'2015-11-10 16:56:33','2015-11-11 18:40:29'),(174,7,'261392','closed','movies','request','American Ultra (2015)','https://image.tmdb.org/t/p/w780/6oGHH27nqaLGfpcgYRIZYSJs7AD.jpg','https://image.tmdb.org/t/p/w780/qZDbpjCcN3SJIITXgeexbQ3p6WX.jpg','5.7','','',NULL,NULL,NULL,NULL,NULL,NULL,'2015-11-11 22:33:18','2015-11-12 01:52:42'),(175,20,'11076','closed','movies','request','Fly Away Home (1996)','https://image.tmdb.org/t/p/w780/9wVFmyXAoxQ1YicCRKxLN8L7GFx.jpg','https://image.tmdb.org/t/p/w780/UfZSpyagu2NBRFPsouZPJAYTmL.jpg','6.7','','',NULL,NULL,NULL,NULL,NULL,NULL,'2015-11-12 01:48:55','2015-11-12 02:34:43'),(176,12,'17467','closed','movies','request','Riki-Oh: The Story of Ricky (1991)','https://image.tmdb.org/t/p/w780/42yh5RxV8GLJTacSQnPILyx2SiP.jpg','https://image.tmdb.org/t/p/w780/gNAzP3XRgoAMwTvwTadcTFbPled.jpg','6.22','','',NULL,NULL,NULL,NULL,NULL,NULL,'2015-11-14 23:23:27','2015-11-15 00:59:13'),(177,20,'11005','closed','movies','request','Awakenings (1990)','https://image.tmdb.org/t/p/w780/y7Ug5P1HhQ9NbflpGcRJUAASiX7.jpg','https://image.tmdb.org/t/p/w780/qbHJsDJLyPfBLkHfdsNTWvSirv8.jpg','6.82','','',NULL,NULL,NULL,NULL,NULL,NULL,'2015-11-15 00:13:16','2015-11-15 00:59:28'),(178,26,'62516','closed','tv','request','Flesh and Bone (2015)','https://image.tmdb.org/t/p/w780/aPjm524d4X3wv1uW6BO8eGg4wdh.jpg','https://image.tmdb.org/t/p/w780/zyNQCrpsPJ9pzkQRVCdLKWQDJXQ.jpg','3.3','','',NULL,NULL,NULL,NULL,NULL,NULL,'2015-11-17 04:18:25','2015-11-17 13:46:55'),(179,5,'64043','closed','tv','request','Casual (2015)','https://image.tmdb.org/t/p/w780/6YuxLp1SpBiLwKAwjupVmpbqq2S.jpg','https://image.tmdb.org/t/p/w780/l7gGzVBnJfJ3QKwXZdbrN3Y0v5l.jpg','0','','',NULL,NULL,NULL,NULL,NULL,NULL,'2015-11-17 18:18:25','2015-11-17 20:45:21'),(180,5,'296099','closed','movies','request','Vacation (2015)','https://image.tmdb.org/t/p/w780/q9kL9WW0Uu4AcfTi5iCLcYzBgnm.jpg','https://image.tmdb.org/t/p/w780/3pDqidHzSDHDNlrZ6isAvXNFiYy.jpg','6.37','','',NULL,NULL,NULL,NULL,NULL,NULL,'2015-11-17 20:48:09','2015-11-17 21:23:14'),(181,5,'64zbLX1ze8N3kcAMX0qq7G','closed','music','request','How I Spent My Summer Vacation','https://i.scdn.co/image/146098adc6e9ffb879fa6e83bcc46c71956ec29b','','','','',NULL,NULL,NULL,NULL,NULL,NULL,'2015-11-17 20:48:52','2015-11-17 21:23:20'),(182,5,'10536','open','movies','request','The Italian Job (1969)','https://image.tmdb.org/t/p/w780/e2wySTMcFqUYuKwZJkael6mBLco.jpg','https://image.tmdb.org/t/p/w780/kvcRUcDOE9ShpCn02IQZsKboTTA.jpg','7.03','','',NULL,NULL,NULL,NULL,NULL,NULL,'2015-11-17 22:56:18','2015-11-17 22:56:18'),(183,5,'61550','open','tv','request','Marvel\'s Agent Carter (2015)','https://image.tmdb.org/t/p/w780/jXAKq1gIoontRbpJZ8tYJq7HlEd.jpg','https://image.tmdb.org/t/p/w780/5yZJ62afDczR8M0qNDNSPSFnF0w.jpg','6.9','','',NULL,NULL,NULL,NULL,NULL,NULL,'2015-11-18 21:53:12','2015-11-18 21:53:12'),(184,7,'634','open','movies','request','Bridget Jones\'s Diary (2001)','https://image.tmdb.org/t/p/w780/bSr5bdlAumfBWCibvMLvhvMEkkB.jpg','https://image.tmdb.org/t/p/w780/h64zNCm5SrY45c7Z6gxy9tC0xb.jpg','6.26','','',NULL,NULL,NULL,NULL,NULL,NULL,'2015-11-20 23:39:08','2015-11-20 23:39:08'),(185,13,'59442','open','tv','request','Gordon Ramsay\'s Ultimate Cookery Course (2012)','https://image.tmdb.org/t/p/w780/jQQLt065b8Kg6C7krsTDswdduaz.jpg','https://plexy.ehumps.me/assets/img/no-backdrop.jpg','0','','',NULL,NULL,NULL,NULL,NULL,NULL,'2015-11-24 05:56:10','2015-11-24 05:56:10'),(186,5,'64496','open','tv','request','Saints & Strangers (2015)','https://image.tmdb.org/t/p/w780/pZdo8YtvuC1W00fVFoNtP4S9dm3.jpg','https://image.tmdb.org/t/p/w780/vD1BzQ7lmXnRv4KQ0OO2Ts4qhzb.jpg','0','','',NULL,NULL,NULL,NULL,NULL,NULL,'2015-11-26 02:26:23','2015-11-26 02:26:23'),(187,13,'15373','open','movies','request','Role Models (2008)','https://image.tmdb.org/t/p/w780/bq6wxu0rv1GIkEwslBT2rVgLkxe.jpg','https://image.tmdb.org/t/p/w780/z8K4NtRJMRyNB6PVuTbwgxIWlHu.jpg','6.33','','',NULL,NULL,NULL,NULL,NULL,NULL,'2015-11-27 23:29:32','2015-11-27 23:29:32'),(188,13,'2105','open','movies','request','American Pie (1999)','https://image.tmdb.org/t/p/w780/dxkSApFLkKkcEQgjCH2KPwTHvw4.jpg','https://image.tmdb.org/t/p/w780/jlU4FvYxUXaxyYM0worlD7wHdQj.jpg','6.32','','',NULL,NULL,NULL,NULL,NULL,NULL,'2015-11-27 23:29:50','2015-11-27 23:29:50'),(189,13,'2770','open','movies','issue','American Pie 2 (2001)','https://image.tmdb.org/t/p/w780/q4LNgUnRfltxzp3gf1MAGiK5LhV.jpg','https://image.tmdb.org/t/p/w780/1C1d3Tpesm8Vn3BRqsQZt0LfZcG.jpg','5.92','','',NULL,NULL,NULL,NULL,NULL,NULL,'2015-11-27 23:30:15','2015-11-27 23:30:15'),(190,5,'284','open','movies','request','The Apartment (1960)','https://image.tmdb.org/t/p/w780/8nrQKQjD6z0SJouKHQapXzmjFc6.jpg','https://image.tmdb.org/t/p/w780/ataq3FgceLuNQy5C8xUyLnVEWz.jpg','7.85','','',NULL,NULL,NULL,NULL,NULL,NULL,'2015-11-29 13:56:03','2015-11-29 13:56:03'),(191,7,'203801','open','movies','request','The Man from U.N.C.L.E. (2015)','https://image.tmdb.org/t/p/w780/5ttOaThDVmTpV8iragbrhdfxEep.jpg','https://image.tmdb.org/t/p/w780/lbSVDK7Hs6G5m7Un1EwhZZfKno.jpg','6.97','','',NULL,NULL,NULL,NULL,NULL,NULL,'2015-11-30 23:46:31','2015-11-30 23:46:31');
/*!40000 ALTER TABLE `issues` ENABLE KEYS */;
UNLOCK TABLES;

--
-- Table structure for table `messages`
--

DROP TABLE IF EXISTS `messages`;
/*!40101 SET @saved_cs_client     = @@character_set_client */;
/*!40101 SET character_set_client = utf8 */;
CREATE TABLE `messages` (
  `id` int(10) unsigned NOT NULL AUTO_INCREMENT,
  `user_id` int(10) unsigned NOT NULL,
  `post_id` int(10) unsigned DEFAULT NULL,
  `issue_id` int(10) unsigned DEFAULT NULL,
  `body` text COLLATE utf8_unicode_ci NOT NULL,
  `created_at` timestamp NOT NULL DEFAULT '0000-00-00 00:00:00',
  `updated_at` timestamp NOT NULL DEFAULT '0000-00-00 00:00:00',
  PRIMARY KEY (`id`),
  KEY `messages_user_id_index` (`user_id`),
  KEY `messages_post_id_index` (`post_id`),
  KEY `messages_issue_id_index` (`issue_id`),
  CONSTRAINT `messages_issue_id_foreign` FOREIGN KEY (`issue_id`) REFERENCES `issues` (`id`) ON DELETE CASCADE,
  CONSTRAINT `messages_post_id_foreign` FOREIGN KEY (`post_id`) REFERENCES `posts` (`id`) ON DELETE CASCADE,
  CONSTRAINT `messages_user_id_foreign` FOREIGN KEY (`user_id`) REFERENCES `users` (`id`) ON DELETE CASCADE
) ENGINE=InnoDB AUTO_INCREMENT=133 DEFAULT CHARSET=utf8 COLLATE=utf8_unicode_ci;
/*!40101 SET character_set_client = @saved_cs_client */;

--
-- Dumping data for table `messages`
--

LOCK TABLES `messages` WRITE;
/*!40000 ALTER TABLE `messages` DISABLE KEYS */;
INSERT INTO `messages` VALUES (4,5,NULL,12,'http://www.imdb.com/title/tt0273923/\r\n','2015-05-29 14:42:00','2015-05-29 14:42:00'),(5,1,NULL,12,'started the download, should be up today','2015-05-29 15:21:34','2015-05-29 15:21:34'),(7,1,NULL,12,'It\'s now on plex','2015-05-29 17:21:29','2015-05-29 17:21:29'),(9,1,NULL,16,'your dingo shall arrive shortly','2015-06-01 22:54:56','2015-06-01 22:54:56'),(10,1,NULL,16,'It\'s on plex now, you dingo','2015-06-02 12:00:05','2015-06-02 12:00:05'),(12,1,NULL,18,'Added to plex','2015-06-03 19:53:11','2015-06-03 19:53:11'),(13,12,NULL,22,'Need English subtitties','2015-06-04 13:33:20','2015-06-04 13:33:20'),(14,1,NULL,22,'i added some english subtitties for ya, might be showing up as \"unknown\". it is known.','2015-06-04 15:30:47','2015-06-04 15:30:47'),(15,1,NULL,23,'do you want all 14 seasons or just the latest','2015-06-04 17:03:16','2015-06-04 17:03:16'),(16,5,NULL,23,'HAHAHA ...maybe the last 4 or 5.  this thing needs emojis','2015-06-04 17:11:05','2015-06-04 17:11:05'),(17,13,NULL,34,'Full length not theatrical\r\n','2015-06-04 19:07:07','2015-06-04 19:07:07'),(18,1,NULL,23,'put up the last few seasons, holla if you need more. closing it for now','2015-06-05 13:18:05','2015-06-05 13:18:05'),(19,1,NULL,24,'its up on plex now, enjoy','2015-06-05 13:18:23','2015-06-05 13:18:23'),(20,1,NULL,24,'its up on plex now, enjoy','2015-06-05 13:18:23','2015-06-05 13:18:23'),(21,1,NULL,25,'done','2015-06-05 13:20:04','2015-06-05 13:20:04'),(22,1,NULL,26,'done, let me know if there are issues with it','2015-06-05 14:10:17','2015-06-05 14:10:17'),(25,1,NULL,28,'theaters June 12, 2015 prob leak 3 months after','2015-06-06 02:50:11','2015-06-06 02:50:11'),(26,1,NULL,42,'tupac on deck','2015-06-12 02:59:36','2015-06-12 02:59:36'),(27,1,NULL,45,'whats wrong with it?','2015-06-16 01:18:11','2015-06-16 01:18:11'),(28,1,NULL,43,'downloading now','2015-06-16 01:18:20','2015-06-16 01:18:20'),(29,1,NULL,50,'already had it','2015-06-27 14:06:08','2015-06-27 14:06:08'),(30,1,NULL,49,'downloading now','2015-06-27 14:06:21','2015-06-27 14:06:21'),(31,1,NULL,55,'downloading now','2015-06-29 23:59:23','2015-06-29 23:59:23'),(32,1,NULL,54,'downloading now','2015-06-30 00:01:08','2015-06-30 00:01:08'),(33,1,NULL,51,'i don\'t think this is the one you really want but its downloading regardless','2015-06-30 00:02:45','2015-06-30 00:02:45'),(35,1,NULL,53,'i think its downloading now','2015-06-30 00:13:14','2015-06-30 00:13:14'),(36,1,NULL,56,'downloading season 1 thru 3 now, season 4 starts july 14','2015-07-04 00:57:05','2015-07-04 00:57:05'),(37,1,NULL,57,'downloading now','2015-07-04 00:59:56','2015-07-04 00:59:56'),(38,12,NULL,22,'it doesnt work','2015-07-05 00:11:24','2015-07-05 00:11:24'),(39,1,NULL,59,'added i think','2015-07-10 00:19:03','2015-07-10 00:19:03'),(40,1,NULL,60,'added i think','2015-07-10 00:19:16','2015-07-10 00:19:16'),(41,1,NULL,61,'downloaded','2015-07-15 01:39:39','2015-07-15 01:39:39'),(42,1,NULL,62,'downloaded','2015-07-15 01:39:53','2015-07-15 01:39:53'),(43,1,NULL,63,'downloaded','2015-07-15 01:40:29','2015-07-15 01:40:29'),(44,1,NULL,64,'downloaded','2015-07-15 01:40:37','2015-07-15 01:40:37'),(45,1,NULL,65,'downloaded','2015-07-15 01:41:06','2015-07-15 01:41:06'),(47,1,NULL,66,'downloading now properly','2015-07-16 19:57:18','2015-07-16 19:57:18'),(50,1,NULL,68,'done','2015-07-23 02:37:16','2015-07-23 02:37:16'),(51,5,NULL,71,'closing this','2015-07-23 21:44:33','2015-07-23 21:44:33'),(52,5,NULL,71,'*can\'t delete comments - feature request*  But close this haha','2015-07-23 21:44:57','2015-07-23 21:44:57'),(53,1,NULL,71,'github that enhancement requesttttt','2015-07-24 02:34:36','2015-07-24 02:34:36'),(54,20,NULL,74,'i love you','2015-07-26 03:16:43','2015-07-26 03:16:43'),(58,1,NULL,74,'<img src=\"http://i.imgur.com/bMjFk0B.png\" width=\"100%\">','2015-07-26 04:24:11','2015-07-26 04:24:11'),(59,7,NULL,76,'','2015-07-26 15:55:52','2015-07-26 15:55:52'),(60,1,NULL,76,'downloading now','2015-07-26 16:00:51','2015-07-26 16:00:51'),(61,1,NULL,76,'done','2015-07-26 16:14:44','2015-07-26 16:14:44'),(62,22,NULL,79,'Episode 10, Season 2 stops playing around minute 39. ','2015-07-30 01:32:38','2015-07-30 01:32:38'),(63,1,NULL,77,'downloading now','2015-07-30 01:37:50','2015-07-30 01:37:50'),(64,1,NULL,79,'i just replaced it. try it now','2015-07-30 01:53:28','2015-07-30 01:53:28'),(66,1,NULL,82,'duck duck test','2015-07-30 18:37:15','2015-07-30 18:37:15'),(68,1,NULL,89,'I think it\'s ready','2015-08-09 16:30:29','2015-08-09 16:30:29'),(69,13,NULL,90,'No subtitles for when elvish is being spoken, turning on any for of cc does nothing as well. Potentially a problem across all LOTR movies','2015-08-10 12:42:24','2015-08-10 12:42:24'),(70,1,NULL,90,'Should I get extended or regular version?','2015-08-10 13:10:00','2015-08-10 13:10:00'),(71,1,NULL,90,'did you try both english subs?','2015-08-10 14:16:19','2015-08-10 14:16:19'),(72,1,NULL,90,'at what hour/minute/second is there elvish spoken?','2015-08-10 14:17:11','2015-08-10 14:17:11'),(73,1,NULL,91,'downloading','2015-08-14 02:58:06','2015-08-14 02:58:06'),(74,1,NULL,94,'dun','2015-08-21 23:54:54','2015-08-21 23:54:54'),(75,1,NULL,93,'should be up','2015-08-22 22:42:17','2015-08-22 22:42:17'),(76,12,NULL,95,'','2015-08-23 03:13:25','2015-08-23 03:13:25'),(77,1,NULL,95,'Rob Delaney, good pick','2015-08-23 03:30:56','2015-08-23 03:30:56'),(78,1,NULL,95,'done','2015-08-23 03:44:34','2015-08-23 03:44:34'),(79,1,NULL,96,'Done.','2015-08-27 14:37:59','2015-08-27 14:37:59'),(80,1,NULL,97,'Done.','2015-08-27 14:38:11','2015-08-27 14:38:11'),(81,1,NULL,98,'Done.','2015-08-27 14:38:18','2015-08-27 14:38:18'),(82,1,NULL,99,'I think I got the right one, let me know yo.','2015-08-27 20:48:08','2015-08-27 20:48:08'),(83,1,NULL,101,'got it','2015-09-01 02:38:17','2015-09-01 02:38:17'),(84,1,NULL,100,'this might be a while before there is a good release','2015-09-01 02:38:46','2015-09-01 02:38:46'),(85,1,NULL,28,'added','2015-09-05 22:11:30','2015-09-05 22:11:30'),(86,1,NULL,109,'up on plex','2015-09-11 01:14:13','2015-09-11 01:14:13'),(87,5,NULL,110,'get rid of .cd-main \"overflow-x: hidden\".  shit looks DOPE','2015-09-11 15:37:29','2015-09-11 15:37:29'),(88,1,NULL,110,'Oh snap! It is way better!','2015-09-11 16:16:53','2015-09-11 16:16:53'),(90,1,NULL,117,'should be on plex now','2015-09-22 15:07:14','2015-09-22 15:07:14'),(91,1,NULL,112,'was this a request or an issue, the database got fucked when you added it','2015-09-24 19:39:54','2015-09-24 19:39:54'),(92,5,NULL,112,'Lol request I believe ','2015-09-25 19:44:12','2015-09-25 19:44:12'),(93,1,NULL,112,'should be on plex, let me know if it is broken','2015-09-25 20:25:58','2015-09-25 20:25:58'),(94,1,NULL,119,'oops, latest episode not downloading? i think the place where I get it from is having some troubtroubtrouble','2015-09-25 20:32:54','2015-09-25 20:32:54'),(95,1,NULL,120,'done','2015-09-27 01:22:34','2015-09-27 01:22:34'),(96,1,NULL,120,'done','2015-09-27 01:22:34','2015-09-27 01:22:34'),(97,1,NULL,119,'got latest episode, should be fixed','2015-09-27 01:22:52','2015-09-27 01:22:52'),(98,1,NULL,122,'downloading now','2015-10-01 00:23:25','2015-10-01 00:23:25'),(99,1,NULL,125,'done','2015-10-02 22:39:46','2015-10-02 22:39:46'),(100,1,NULL,132,'tampopo donepopo','2015-10-03 01:04:15','2015-10-03 01:04:15'),(101,1,NULL,123,'done','2015-10-03 12:40:14','2015-10-03 12:40:14'),(102,1,NULL,137,'done','2015-10-03 12:40:54','2015-10-03 12:40:54'),(104,1,NULL,144,'this is already in plex you dingo','2015-10-04 13:11:38','2015-10-04 13:11:38'),(105,1,NULL,146,'Done','2015-10-06 20:08:46','2015-10-06 20:08:46'),(106,1,NULL,148,'yummmm','2015-10-09 18:15:35','2015-10-09 18:15:35'),(107,1,NULL,100,'i think a good copy is up, enjoyyyyyyyyyyy','2015-10-13 01:11:39','2015-10-13 01:11:39'),(108,1,NULL,131,'i think a good copy is up, enjoyyyyyyyyyyy','2015-10-13 01:11:57','2015-10-13 01:11:57'),(109,1,NULL,145,'i think a good copy is up, enjoyyyyyyyyyyy','2015-10-13 01:12:12','2015-10-13 01:12:12'),(110,1,NULL,149,'i think it\'s all up? crazy huge files','2015-10-13 01:14:48','2015-10-13 01:14:48'),(111,1,NULL,154,'i think its already on plex','2015-10-15 02:47:46','2015-10-15 02:47:46'),(112,1,NULL,153,'i think its already on plex too','2015-10-15 02:48:07','2015-10-15 02:48:07'),(113,1,NULL,155,'same with this, should already be up','2015-10-15 02:49:05','2015-10-15 02:49:05'),(114,1,NULL,152,'I should already have it all?','2015-10-15 02:54:51','2015-10-15 02:54:51'),(115,1,NULL,159,'green cards ahoy. should be on plex in 6 hours','2015-10-17 14:33:11','2015-10-17 14:33:11'),(116,1,NULL,161,'I cannot believe this is not on Plex, this is one of my favorites.  Good catch.','2015-10-25 23:07:58','2015-10-25 23:07:58'),(117,1,NULL,162,'I think this is already on Plex, do you want me to get a different copy?','2015-10-27 01:59:09','2015-10-27 01:59:09'),(118,1,NULL,128,'should be up i think. let me know if it doesn\'t work','2015-11-02 14:45:03','2015-11-02 14:45:03'),(119,1,NULL,170,'up','2015-11-08 17:14:50','2015-11-08 17:14:50'),(120,1,NULL,173,'up','2015-11-11 18:40:23','2015-11-11 18:40:23'),(121,1,NULL,171,'up as well','2015-11-11 18:40:38','2015-11-11 18:40:38'),(122,1,NULL,172,'up as well as well','2015-11-11 18:40:51','2015-11-11 18:40:51'),(123,7,NULL,174,'','2015-11-11 22:34:20','2015-11-11 22:34:20'),(124,1,NULL,174,'kristen stewart is a babe','2015-11-12 00:30:40','2015-11-12 00:30:40'),(125,1,NULL,175,'time to fly','2015-11-12 02:34:34','2015-11-12 02:34:34'),(126,1,NULL,176,'en','2015-11-15 00:59:08','2015-11-15 00:59:08'),(127,1,NULL,177,'joy','2015-11-15 00:59:20','2015-11-15 00:59:20'),(128,1,NULL,178,'I think it downloaded it all before it all aired?  Let me know if it\'s wrong.','2015-11-17 13:46:45','2015-11-17 13:46:45'),(129,1,NULL,179,'up','2015-11-17 20:45:15','2015-11-17 20:45:15'),(130,5,NULL,181,'hah! album cover looked cool. let\'s see what this is all about!','2015-11-17 20:49:19','2015-11-17 20:49:19'),(131,1,NULL,181,'added to the plex','2015-11-17 21:22:59','2015-11-17 21:22:59'),(132,1,NULL,180,'added as well','2015-11-17 21:23:08','2015-11-17 21:23:08');
/*!40000 ALTER TABLE `messages` ENABLE KEYS */;
UNLOCK TABLES;

--
-- Table structure for table `migrations`
--

DROP TABLE IF EXISTS `migrations`;
/*!40101 SET @saved_cs_client     = @@character_set_client */;
/*!40101 SET character_set_client = utf8 */;
CREATE TABLE `migrations` (
  `migration` varchar(255) COLLATE utf8_unicode_ci NOT NULL,
  `batch` int(11) NOT NULL
) ENGINE=InnoDB DEFAULT CHARSET=utf8 COLLATE=utf8_unicode_ci;
/*!40101 SET character_set_client = @saved_cs_client */;

--
-- Dumping data for table `migrations`
--

LOCK TABLES `migrations` WRITE;
/*!40000 ALTER TABLE `migrations` DISABLE KEYS */;
INSERT INTO `migrations` VALUES ('2009_02_05_024934_confide_setup_users_table',1),('2012_01_31_160913_create_issues_table',1),('2013_02_05_043505_create_posts_table',1),('2013_02_05_044505_create_comments_table',1),('2013_02_05_044505_create_messages_table',1),('2013_02_08_031702_entrust_setup_tables',1),('2013_05_21_024934_entrust_permissions',1),('2015_01_25_230157_create_requests_table',1);
/*!40000 ALTER TABLE `migrations` ENABLE KEYS */;
UNLOCK TABLES;

--
-- Table structure for table `password_reminders`
--

DROP TABLE IF EXISTS `password_reminders`;
/*!40101 SET @saved_cs_client     = @@character_set_client */;
/*!40101 SET character_set_client = utf8 */;
CREATE TABLE `password_reminders` (
  `email` varchar(255) COLLATE utf8_unicode_ci NOT NULL,
  `token` varchar(255) COLLATE utf8_unicode_ci NOT NULL,
  `created_at` timestamp NOT NULL DEFAULT '0000-00-00 00:00:00'
) ENGINE=InnoDB DEFAULT CHARSET=utf8 COLLATE=utf8_unicode_ci;
/*!40101 SET character_set_client = @saved_cs_client */;

--
-- Dumping data for table `password_reminders`
--

LOCK TABLES `password_reminders` WRITE;
/*!40000 ALTER TABLE `password_reminders` DISABLE KEYS */;
INSERT INTO `password_reminders` VALUES ('yourface91@gmail.com','9b1a28c74e929f343d85da06d223d1b4','2015-06-04 13:12:54'),('yourface91@gmail.com','0593687490f802db5041e3e6a476b95b','2015-07-30 18:26:47');
/*!40000 ALTER TABLE `password_reminders` ENABLE KEYS */;
UNLOCK TABLES;

--
-- Table structure for table `permission_role`
--

DROP TABLE IF EXISTS `permission_role`;
/*!40101 SET @saved_cs_client     = @@character_set_client */;
/*!40101 SET character_set_client = utf8 */;
CREATE TABLE `permission_role` (
  `id` int(10) unsigned NOT NULL AUTO_INCREMENT,
  `permission_id` int(10) unsigned NOT NULL,
  `role_id` int(10) unsigned NOT NULL,
  PRIMARY KEY (`id`),
  UNIQUE KEY `permission_role_permission_id_role_id_unique` (`permission_id`,`role_id`),
  KEY `permission_role_permission_id_index` (`permission_id`),
  KEY `permission_role_role_id_index` (`role_id`),
  CONSTRAINT `permission_role_permission_id_foreign` FOREIGN KEY (`permission_id`) REFERENCES `permissions` (`id`) ON DELETE CASCADE,
  CONSTRAINT `permission_role_role_id_foreign` FOREIGN KEY (`role_id`) REFERENCES `roles` (`id`) ON DELETE CASCADE
) ENGINE=InnoDB AUTO_INCREMENT=8 DEFAULT CHARSET=utf8 COLLATE=utf8_unicode_ci;
/*!40101 SET character_set_client = @saved_cs_client */;

--
-- Dumping data for table `permission_role`
--

LOCK TABLES `permission_role` WRITE;
/*!40000 ALTER TABLE `permission_role` DISABLE KEYS */;
INSERT INTO `permission_role` VALUES (1,1,1),(2,2,1),(3,3,1),(4,4,1),(5,5,1),(6,6,1),(7,6,2);
/*!40000 ALTER TABLE `permission_role` ENABLE KEYS */;
UNLOCK TABLES;

--
-- Table structure for table `permissions`
--

DROP TABLE IF EXISTS `permissions`;
/*!40101 SET @saved_cs_client     = @@character_set_client */;
/*!40101 SET character_set_client = utf8 */;
CREATE TABLE `permissions` (
  `id` int(10) unsigned NOT NULL AUTO_INCREMENT,
  `name` varchar(255) COLLATE utf8_unicode_ci NOT NULL,
  `display_name` varchar(255) COLLATE utf8_unicode_ci NOT NULL,
  PRIMARY KEY (`id`),
  UNIQUE KEY `permissions_name_unique` (`name`),
  UNIQUE KEY `permissions_display_name_unique` (`display_name`)
) ENGINE=InnoDB AUTO_INCREMENT=7 DEFAULT CHARSET=utf8 COLLATE=utf8_unicode_ci;
/*!40101 SET character_set_client = @saved_cs_client */;

--
-- Dumping data for table `permissions`
--

LOCK TABLES `permissions` WRITE;
/*!40000 ALTER TABLE `permissions` DISABLE KEYS */;
INSERT INTO `permissions` VALUES (1,'manage_blogs','manage blogs'),(2,'manage_posts','manage posts'),(3,'manage_comments','manage comments'),(4,'manage_users','manage users'),(5,'manage_roles','manage roles'),(6,'post_comment','post comment');
/*!40000 ALTER TABLE `permissions` ENABLE KEYS */;
UNLOCK TABLES;

--
-- Table structure for table `posts`
--

DROP TABLE IF EXISTS `posts`;
/*!40101 SET @saved_cs_client     = @@character_set_client */;
/*!40101 SET character_set_client = utf8 */;
CREATE TABLE `posts` (
  `id` int(10) unsigned NOT NULL AUTO_INCREMENT,
  `user_id` int(10) unsigned NOT NULL,
  `title` varchar(255) COLLATE utf8_unicode_ci NOT NULL,
  `slug` varchar(255) COLLATE utf8_unicode_ci NOT NULL,
  `content` text COLLATE utf8_unicode_ci NOT NULL,
  `meta_title` varchar(255) COLLATE utf8_unicode_ci NOT NULL,
  `meta_description` varchar(255) COLLATE utf8_unicode_ci NOT NULL,
  `meta_keywords` varchar(255) COLLATE utf8_unicode_ci NOT NULL,
  `created_at` timestamp NOT NULL DEFAULT '0000-00-00 00:00:00',
  `updated_at` timestamp NOT NULL DEFAULT '0000-00-00 00:00:00',
  PRIMARY KEY (`id`),
  KEY `posts_user_id_index` (`user_id`),
  CONSTRAINT `posts_user_id_foreign` FOREIGN KEY (`user_id`) REFERENCES `users` (`id`) ON DELETE CASCADE
) ENGINE=InnoDB AUTO_INCREMENT=4 DEFAULT CHARSET=utf8 COLLATE=utf8_unicode_ci;
/*!40101 SET character_set_client = @saved_cs_client */;

--
-- Dumping data for table `posts`
--

LOCK TABLES `posts` WRITE;
/*!40000 ALTER TABLE `posts` DISABLE KEYS */;
INSERT INTO `posts` VALUES (1,1,'Lorem ipsum dolor sit amet','lorem-ipsum-dolor-sit-amet','In mea autem etiam menandri, quot elitr vim ei, eos semper disputationi id? Per facer appetere eu, duo et animal maiestatis. Omnesque invidunt mnesarchum ex mel, vis no case senserit dissentias. Te mei minimum singulis inimicus, ne labores accusam necessitatibus vel, vivendo nominavi ne sed. Posidonium scriptorem consequuntur cum ex? Posse fabulas iudicabit in nec, eos cu electram forensibus, pro ei commodo tractatos reformidans. Qui eu lorem augue alterum, eos in facilis pericula mediocritatem?\n\nEst hinc legimus oporteat in. Sit ei melius delicatissimi. Duo ex qualisque adolescens! Pri cu solum aeque. Aperiri docendi vituperatoribus has ea!\n\nSed ut ludus perfecto sensibus, no mea iisque facilisi. Choro tation melius et mea, ne vis nisl insolens. Vero autem scriptorem cu qui? Errem dolores no nam, mea tritani platonem id! At nec tantas consul, vis mundi petentium elaboraret ex, mel appareat maiestatis at.\n\nSed et eros concludaturque. Mel ne aperiam comprehensam! Ornatus delicatissimi eam ex, sea an quidam tritani placerat? Ad eius iriure consequat eam, mazim temporibus conclusionemque eum ex.\n\nTe amet sumo usu, ne autem impetus scripserit duo, ius ei mutat labore inciderint! Id nulla comprehensam his? Ut eam deleniti argumentum, eam appellantur definitionem ad. Pro et purto partem mucius!\n\nCu liber primis sed, esse evertitur vis ad. Ne graeco maiorum mea! In eos nostro docendi conclusionemque. Ne sit audire blandit tractatos? An nec dicam causae meliore, pro tamquam offendit efficiendi ut.\n\nTe dicta sadipscing nam, denique albucius conclusionemque ne usu, mea eu euripidis philosophia! Qui at vivendo efficiendi! Vim ex delenit blandit oportere, in iriure placerat cum. Te cum meis altera, ius ex quis veri.\n\nMutat propriae eu has, mel ne veri bonorum tincidunt. Per noluisse sensibus honestatis ut, stet singulis ea eam, his dicunt vivendum mediocrem ei. Ei usu mutat efficiantur, eum verear aperiam definitiones an! Simul dicam instructior ius ei. Cu ius facer doming cotidieque! Quot principes eu his, usu vero dicat an.\n\nEx dicta perpetua qui, pericula intellegam scripserit id vel. Id fabulas ornatus necessitatibus mel. Prompta dolorem appetere ea has. Vel ad expetendis instructior!\n\nTe his dolorem adversarium? Pri eu rebum viris, tation molestie id pri. Mel ei stet inermis dissentias. Sed ea dolorum detracto vituperata. Possit oportere similique cu nec, ridens animal quo ex?','meta_title1','meta_description1','meta_keywords1','2015-05-28 04:48:34','2015-05-28 04:48:34'),(2,1,'Vivendo suscipiantur vim te vix','vivendo-suscipiantur-vim-te-vix','In mea autem etiam menandri, quot elitr vim ei, eos semper disputationi id? Per facer appetere eu, duo et animal maiestatis. Omnesque invidunt mnesarchum ex mel, vis no case senserit dissentias. Te mei minimum singulis inimicus, ne labores accusam necessitatibus vel, vivendo nominavi ne sed. Posidonium scriptorem consequuntur cum ex? Posse fabulas iudicabit in nec, eos cu electram forensibus, pro ei commodo tractatos reformidans. Qui eu lorem augue alterum, eos in facilis pericula mediocritatem?\n\nEst hinc legimus oporteat in. Sit ei melius delicatissimi. Duo ex qualisque adolescens! Pri cu solum aeque. Aperiri docendi vituperatoribus has ea!\n\nSed ut ludus perfecto sensibus, no mea iisque facilisi. Choro tation melius et mea, ne vis nisl insolens. Vero autem scriptorem cu qui? Errem dolores no nam, mea tritani platonem id! At nec tantas consul, vis mundi petentium elaboraret ex, mel appareat maiestatis at.\n\nSed et eros concludaturque. Mel ne aperiam comprehensam! Ornatus delicatissimi eam ex, sea an quidam tritani placerat? Ad eius iriure consequat eam, mazim temporibus conclusionemque eum ex.\n\nTe amet sumo usu, ne autem impetus scripserit duo, ius ei mutat labore inciderint! Id nulla comprehensam his? Ut eam deleniti argumentum, eam appellantur definitionem ad. Pro et purto partem mucius!\n\nCu liber primis sed, esse evertitur vis ad. Ne graeco maiorum mea! In eos nostro docendi conclusionemque. Ne sit audire blandit tractatos? An nec dicam causae meliore, pro tamquam offendit efficiendi ut.\n\nTe dicta sadipscing nam, denique albucius conclusionemque ne usu, mea eu euripidis philosophia! Qui at vivendo efficiendi! Vim ex delenit blandit oportere, in iriure placerat cum. Te cum meis altera, ius ex quis veri.\n\nMutat propriae eu has, mel ne veri bonorum tincidunt. Per noluisse sensibus honestatis ut, stet singulis ea eam, his dicunt vivendum mediocrem ei. Ei usu mutat efficiantur, eum verear aperiam definitiones an! Simul dicam instructior ius ei. Cu ius facer doming cotidieque! Quot principes eu his, usu vero dicat an.\n\nEx dicta perpetua qui, pericula intellegam scripserit id vel. Id fabulas ornatus necessitatibus mel. Prompta dolorem appetere ea has. Vel ad expetendis instructior!\n\nTe his dolorem adversarium? Pri eu rebum viris, tation molestie id pri. Mel ei stet inermis dissentias. Sed ea dolorum detracto vituperata. Possit oportere similique cu nec, ridens animal quo ex?','meta_title2','meta_description2','meta_keywords2','2015-05-28 04:48:34','2015-05-28 04:48:34'),(3,1,'In iisque similique reprimique eum','in-iisque-similique-reprimique-eum','In mea autem etiam menandri, quot elitr vim ei, eos semper disputationi id? Per facer appetere eu, duo et animal maiestatis. Omnesque invidunt mnesarchum ex mel, vis no case senserit dissentias. Te mei minimum singulis inimicus, ne labores accusam necessitatibus vel, vivendo nominavi ne sed. Posidonium scriptorem consequuntur cum ex? Posse fabulas iudicabit in nec, eos cu electram forensibus, pro ei commodo tractatos reformidans. Qui eu lorem augue alterum, eos in facilis pericula mediocritatem?\n\nEst hinc legimus oporteat in. Sit ei melius delicatissimi. Duo ex qualisque adolescens! Pri cu solum aeque. Aperiri docendi vituperatoribus has ea!\n\nSed ut ludus perfecto sensibus, no mea iisque facilisi. Choro tation melius et mea, ne vis nisl insolens. Vero autem scriptorem cu qui? Errem dolores no nam, mea tritani platonem id! At nec tantas consul, vis mundi petentium elaboraret ex, mel appareat maiestatis at.\n\nSed et eros concludaturque. Mel ne aperiam comprehensam! Ornatus delicatissimi eam ex, sea an quidam tritani placerat? Ad eius iriure consequat eam, mazim temporibus conclusionemque eum ex.\n\nTe amet sumo usu, ne autem impetus scripserit duo, ius ei mutat labore inciderint! Id nulla comprehensam his? Ut eam deleniti argumentum, eam appellantur definitionem ad. Pro et purto partem mucius!\n\nCu liber primis sed, esse evertitur vis ad. Ne graeco maiorum mea! In eos nostro docendi conclusionemque. Ne sit audire blandit tractatos? An nec dicam causae meliore, pro tamquam offendit efficiendi ut.\n\nTe dicta sadipscing nam, denique albucius conclusionemque ne usu, mea eu euripidis philosophia! Qui at vivendo efficiendi! Vim ex delenit blandit oportere, in iriure placerat cum. Te cum meis altera, ius ex quis veri.\n\nMutat propriae eu has, mel ne veri bonorum tincidunt. Per noluisse sensibus honestatis ut, stet singulis ea eam, his dicunt vivendum mediocrem ei. Ei usu mutat efficiantur, eum verear aperiam definitiones an! Simul dicam instructior ius ei. Cu ius facer doming cotidieque! Quot principes eu his, usu vero dicat an.\n\nEx dicta perpetua qui, pericula intellegam scripserit id vel. Id fabulas ornatus necessitatibus mel. Prompta dolorem appetere ea has. Vel ad expetendis instructior!\n\nTe his dolorem adversarium? Pri eu rebum viris, tation molestie id pri. Mel ei stet inermis dissentias. Sed ea dolorum detracto vituperata. Possit oportere similique cu nec, ridens animal quo ex?','meta_title3','meta_description3','meta_keywords3','2015-05-28 04:48:34','2015-05-28 04:48:34');
/*!40000 ALTER TABLE `posts` ENABLE KEYS */;
UNLOCK TABLES;

--
-- Table structure for table `requests`
--

DROP TABLE IF EXISTS `requests`;
/*!40101 SET @saved_cs_client     = @@character_set_client */;
/*!40101 SET character_set_client = utf8 */;
CREATE TABLE `requests` (
  `id` int(10) unsigned NOT NULL AUTO_INCREMENT,
  `user_id` int(10) unsigned NOT NULL,
  `tmdb` varchar(255) COLLATE utf8_unicode_ci DEFAULT NULL,
  `status` enum('open','pending','closed') COLLATE utf8_unicode_ci NOT NULL DEFAULT 'open',
  `topic` enum('miscellaneous','movies','music','tv') COLLATE utf8_unicode_ci NOT NULL,
  `post_url` varchar(255) COLLATE utf8_unicode_ci DEFAULT NULL,
  `backdrop_url` varchar(255) COLLATE utf8_unicode_ci DEFAULT NULL,
  `created_at` timestamp NOT NULL DEFAULT '0000-00-00 00:00:00',
  `updated_at` timestamp NOT NULL DEFAULT '0000-00-00 00:00:00',
  PRIMARY KEY (`id`),
  KEY `requests_user_id_index` (`user_id`)
) ENGINE=InnoDB DEFAULT CHARSET=utf8 COLLATE=utf8_unicode_ci;
/*!40101 SET character_set_client = @saved_cs_client */;

--
-- Dumping data for table `requests`
--

LOCK TABLES `requests` WRITE;
/*!40000 ALTER TABLE `requests` DISABLE KEYS */;
/*!40000 ALTER TABLE `requests` ENABLE KEYS */;
UNLOCK TABLES;

--
-- Table structure for table `roles`
--

DROP TABLE IF EXISTS `roles`;
/*!40101 SET @saved_cs_client     = @@character_set_client */;
/*!40101 SET character_set_client = utf8 */;
CREATE TABLE `roles` (
  `id` int(10) unsigned NOT NULL AUTO_INCREMENT,
  `name` varchar(255) COLLATE utf8_unicode_ci NOT NULL,
  `created_at` timestamp NOT NULL DEFAULT '0000-00-00 00:00:00',
  `updated_at` timestamp NOT NULL DEFAULT '0000-00-00 00:00:00',
  PRIMARY KEY (`id`)
) ENGINE=InnoDB AUTO_INCREMENT=3 DEFAULT CHARSET=utf8 COLLATE=utf8_unicode_ci;
/*!40101 SET character_set_client = @saved_cs_client */;

--
-- Dumping data for table `roles`
--

LOCK TABLES `roles` WRITE;
/*!40000 ALTER TABLE `roles` DISABLE KEYS */;
INSERT INTO `roles` VALUES (1,'admin','2015-05-28 04:48:34','2015-05-28 04:48:34'),(2,'comment','2015-05-28 04:48:34','2015-05-28 04:48:34');
/*!40000 ALTER TABLE `roles` ENABLE KEYS */;
UNLOCK TABLES;

--
-- Table structure for table `users`
--

DROP TABLE IF EXISTS `users`;
/*!40101 SET @saved_cs_client     = @@character_set_client */;
/*!40101 SET character_set_client = utf8 */;
CREATE TABLE `users` (
  `id` int(10) unsigned NOT NULL AUTO_INCREMENT,
  `username` varchar(255) COLLATE utf8_unicode_ci NOT NULL,
  `email` varchar(255) COLLATE utf8_unicode_ci NOT NULL,
  `password` varchar(255) COLLATE utf8_unicode_ci NOT NULL,
  `confirmation_code` varchar(255) COLLATE utf8_unicode_ci NOT NULL,
  `remember_token` varchar(255) COLLATE utf8_unicode_ci DEFAULT NULL,
  `confirmed` tinyint(1) NOT NULL DEFAULT '0',
  `created_at` timestamp NOT NULL DEFAULT '0000-00-00 00:00:00',
  `updated_at` timestamp NOT NULL DEFAULT '0000-00-00 00:00:00',
  PRIMARY KEY (`id`)
) ENGINE=InnoDB AUTO_INCREMENT=31 DEFAULT CHARSET=utf8 COLLATE=utf8_unicode_ci;
/*!40101 SET character_set_client = @saved_cs_client */;

--
-- Dumping data for table `users`
--

LOCK TABLES `users` WRITE;
/*!40000 ALTER TABLE `users` DISABLE KEYS */;
INSERT INTO `users` VALUES (1,'evan','humphries.evan@gmail.com','$2y$10$g.HUR/mT261o99YFnhbMaerk6Yw.SpXfMg/RcULab9EZ48R.psDhK','4a25f6067b8834f16c888da030122f72','VxjtGCHhvhU3gZAhTBaXVBgEU0pYfm1RAGcTBusqns4yMIOaRzE9ZIYLVTgy',1,'2015-05-28 04:48:34','2015-09-05 20:00:55'),(3,'yourface91','yourface91@gmail.com','$2y$10$FQR712UNP0hLzGwiqk5lyeZd6qUr4w7c.9MWWyReQgrVhWlk6QHHW','d4917229e8cdf8d23dd1cd66aa483b0d','efIpl4rcr7sGi8XjuYKlRE9kM4OT0UHiaLJ0vArpotlEGpXOSF7dLUmcP33t',1,'2015-05-28 05:21:08','2015-08-23 03:49:30'),(4,'ehumps','do.not.reply.contact.form@gmail.com','$2y$10$mySDtKXFcrtoCHVixlOUQuP65LXrmu.kPVioRRVSuyyis/M.AkSye','1e06cddc2580e94969c3fa3dd8fc3bf9','qeqrpcQ76pgJzC5DfyVcybHavkPvH12d334OxvrdAly9B6fGiVrHIzM9SjJH',1,'2015-05-28 05:21:42','2015-07-30 18:33:14'),(5,'jstewsy','jstew529+plexy@gmail.com','$2y$10$k64RkaYyc7q/4hUBlUyjX.hUzO3wt4VVULkE.a5TzAUugNrlpAiBW','10c7d239071cfdaa27e178dac483821d','2dACpGlTmJP2dA4w8TY1G56ZZTrYt1hZhMmlB0XNGzG74OH3BdRnh49jOgDS',1,'2015-05-29 13:36:24','2015-05-29 14:27:55'),(7,'whanna','whanna26@gmail.com','$2y$10$IhDiL5HqOgPMgNnRgLXHS.OsMQrr8De/09YAp21KU8wVnMEBA0v7a','5addbdbb751e6033cdf7fcb1fcd68538','RP0rAmQvjhHxWF3nRoKmfRgwucC7gm7oJ86kuxeWo57lIhpCEDqLOpkbJywm',1,'2015-05-29 15:24:12','2015-09-05 19:55:33'),(8,'autolue','autolue@gmail.com','$2y$10$12GA9a0501I9duy3UJkw0.uObJcLCx1RLnpqTf5W1pRM2l.07Mbdm','2d814e0ef3d3f2b7337872e7b67a0b66',NULL,1,'2015-05-29 15:27:03','2015-05-29 15:41:57'),(9,'Itrivedi','Ishan.trivedi@gmail.com','$2y$10$Vb/iDlIM.D0nLpQqUtxEF.wD5IpN3Akzw9ObeSrkC0SvhHcWAf/Dy','a31984aa72ee3087a329a4ab66c9a0e1',NULL,1,'2015-05-29 16:50:32','2015-05-29 16:55:54'),(10,'Derek','botaoftw@gmail.com','$2y$10$jUIQn6L70L4aKDMnP8WkqeKRIZeJzOfMSgHr4Ftw6bG1Sf6l29DDi','cb70ad871734ec4121dfc4c8cf998ca7','fp8W0v0ZVOjbP9Nk8QaWtjoMAgoQptfGxmhAYjEatYrUf3dJlrvWd8CPQgOn',1,'2015-05-29 16:51:48','2015-06-03 21:27:37'),(11,'chris17brown','chris17brown@gmail.com','$2y$10$QZxG0IgKtwCKGT51X/9fweg9OsbJQghczKInjloVyi5Q6eqd/Furm','f4576ec5459e51995577ce7ae473382c',NULL,0,'2015-05-29 21:08:03','2015-05-29 21:08:03'),(12,'danny','dannybotaochen@gmail.com','$2y$10$.q4bHwdGjDLAudOwhAf.K.inxJEPCTWedBB/YpSmzpDXcBYsBn4u.','80f6ecff1da3ff4be4b86995885f5550',NULL,1,'2015-06-04 13:20:09','2015-06-04 13:32:51'),(13,'derekmpreston','derek.m.preston@gmail.com','$2y$10$7m2oImvdU3YeNKX93t3w9e5WPbML6aVrwZl78bDx1bd55A6iYV.4m','40706e3997276cb56251d57bc91e0621',NULL,1,'2015-06-04 18:47:02','2015-06-04 18:58:50'),(14,'emmyhoov','emmy.hooven@gmail.com','$2y$10$kLdjxBUFVTIXHCiX480mi.aSVJpQVJxVV81QhmiCxACSyBK2.5SxK','23822ad61b84411a0026d5076734dc41',NULL,0,'2015-06-05 23:15:22','2015-06-06 00:14:31'),(15,'adas113','abhiroopdas31@gmail.com','$2y$10$RplaQe15TbBdYXczZAC.LeqUWOzt8DtzIc/tqVuiiY8ulQL1ITnWm','403007584e78b9cbc0daec6683d510f6',NULL,1,'2015-06-14 17:38:53','2015-06-14 17:39:10'),(16,'humfrolio','humfrolio@gmail.com','$2y$10$2.PJj/P0jYbugxk5b0IgrOuZ/S2KVjGIbgNwzrCoLuv5jarZXaYX6','7ae86d30292f7ad515e99b91c2e02274',NULL,1,'2015-06-14 20:47:05','2015-06-14 20:48:00'),(17,'gravychops','elsoch@gmail.com','$2y$10$L3V1gLOwJBW2KZEjoIKNcO7tWJf850HrplFlWfFbxWUiAkvMlwhtS','e96cf1dd6abf94f86973a5b1e3d5b0c5',NULL,0,'2015-06-21 16:36:58','2015-06-21 16:37:20'),(18,'njetsy4991','chris.cho.30@gmail.com','$2y$10$DJc4OQw1Xg3kJ0aw.K8bR.LBrjSfFLAdP4KUvks2n9r6mgD0r7ez.','146a2899cfa842dd82d97c3180a1d329',NULL,1,'2015-07-04 00:39:28','2015-07-04 00:45:40'),(19,'sophie','sophia.e.hastings@gmail.com','$2y$10$TDFVGI4Eog5voFvPmbMCnOqvxvd8sUgKwaXIkJbc4yov6zB2JOGxu','e5cc7604053b24e1ed9c6cc219fbf1f9',NULL,1,'2015-07-10 04:09:39','2015-08-27 06:01:17'),(20,'zelicoffm','zelicoffm@gmail.com','$2y$10$rWkmz2dPDldGr0ARPLAxcOCVYCB7tI/GGYHZVj2Zm2uzKKQ2PoCJG','01a303e84321d5591cdcf3a2131e6e27',NULL,1,'2015-07-26 03:14:48','2015-08-09 15:35:40'),(21,'po13','peterott3@gmail.com','$2y$10$dvhkaCcPzvAYkMlw7XgLJ.E6mZJxq56/9XrFpU1UKjMR25NZPwF3W','9d1055b44bc098553ce5263de1480430',NULL,1,'2015-07-28 13:37:14','2015-07-28 13:37:34'),(22,'melprest','melanie.preston@gmail.com','$2y$10$hfuxwFvb4nV2StzM0QlvSuArw0KaRiEsfI1MkXP423g346ET2sffG','29a54021e26c53dfb7f3c8e0cb32bdd8',NULL,1,'2015-07-30 01:27:03','2015-07-30 01:27:37'),(24,'zwibbens','zwibben@udel.edu','$2y$10$Aft7OovBQp/h1TPz0JPU7O6CsJopFqSKKXBPj4s2NRruBzcTrLTtu','e98312676300792d8db34ab0ee817452',NULL,0,'2015-08-05 23:50:21','2015-08-05 23:50:21'),(25,'cin5plex','thoughtful91@gmail.com','$2y$10$9yrHI2px11KOJ8VxQ.4FPOtqDg81YaJ11Et.T7JwdObX9oM9GsRui','90ffee9ca6f55b43ab975664f5152b2e',NULL,1,'2015-09-06 23:47:25','2015-09-29 00:56:02'),(26,'C3pickles','Clwaltimyer@gmail.com','$2y$10$C7pyXRArL7nltMO58JRNiuSgx5g3EdmQ72n4mTyirGMB2pscVWW8a','4390f4ca6a95ee1daab6aa99667a1b42',NULL,1,'2015-09-20 00:19:46','2015-09-20 00:20:09'),(27,'zwibb','zwibbens@udel.edu','$2y$10$aHZ2wyiPkvqwy8gFRvJs/.Ce7WFcWzxLwV98ZGSr1CcAnYIhpodUy','51e819d7d1dea09d1a113f58f36975a6',NULL,1,'2015-10-02 00:26:44','2015-10-02 00:26:59'),(28,'bradylatsha','brady.latsha@gmail.com','$2y$10$uY5H2j7eTjAzxqHckKQXLO.sGXBYKgD7zgehm9cyAzbr9yHuQBCi2','464b0fcc35d6281a7ee2f018a9228364',NULL,1,'2015-10-04 02:49:53','2015-10-04 02:50:14'),(29,'TheGreatDombino','Rocca.domenic@gmail.com','$2y$10$17ylBXDs0iIxek6ypg0DGO71D.5n7vRvdUbuJRUIHGo/tx9lN9Ni.','afa507c5b2c0afdf154c4d37c4ac42ce',NULL,1,'2015-10-04 03:15:10','2015-10-04 03:15:45'),(30,'oscar137','ajfuller90@gmail.com','$2y$10$EBenohipb9OvFYtJHTTAHO9ThjaO.B8LtV9.ovdvNKBBc8yojtyG6','ffad5070abeac2648c5521d8bc030b1a',NULL,1,'2015-11-07 21:11:39','2015-11-07 21:12:12');
/*!40000 ALTER TABLE `users` ENABLE KEYS */;
UNLOCK TABLES;
/*!40103 SET TIME_ZONE=@OLD_TIME_ZONE */;

/*!40101 SET SQL_MODE=@OLD_SQL_MODE */;
/*!40014 SET FOREIGN_KEY_CHECKS=@OLD_FOREIGN_KEY_CHECKS */;
/*!40014 SET UNIQUE_CHECKS=@OLD_UNIQUE_CHECKS */;
/*!40101 SET CHARACTER_SET_CLIENT=@OLD_CHARACTER_SET_CLIENT */;
/*!40101 SET CHARACTER_SET_RESULTS=@OLD_CHARACTER_SET_RESULTS */;
/*!40101 SET COLLATION_CONNECTION=@OLD_COLLATION_CONNECTION */;
/*!40111 SET SQL_NOTES=@OLD_SQL_NOTES */;

-- Dump completed on 2015-12-22 14:37:08
